Printed Vehicles:,,TOTALS,,VINLOG,,Duplicates:
2019 5 Series - T4260-0 - WBAJB9C58KB288378,Pre-Owned,New:,0,WBAJB9C58KB288378,,No Dupes
2023 X3 - T4271-0 - 5UX53DP01P9T34388,Used,Used:,13,5UX53DP01P9T34388,,  
2023 X1 - T4269-0 - WBX73EF01P5W13156,Pre-Owned,Duplicates:,0,WBX73EF01P5W13156,,  
2022 5 Series - T4237-0 - WBA13BJ08NCK47954,Pre-Owned,New Dupes:,0,WBA13BJ08NCK47954,,  
2023 5 Series - T4258-0 - WBA13BJ09PCM49401,Used,Used Dupes:,0,WBA13BJ09PCM49401,,  
2025 X1 - T4270-0 - WBX13EF0XS5167751,Pre-Owned,,,WBX13EF0XS5167751,,  
2022 X5 - T4197-0 - 5UXCR6C03N9N09194,Pre-Owned,,,5UXCR6C03N9N09194,,  
2024 X5 - T4253-0 - 5UX43EU08R9U32147,Pre-Owned,,,5UX43EU08R9U32147,,  
2011 Murano CrossCabriolet - SK0931-1 - JN8AZ1FY0BW001151,Pre-Owned,,,JN8AZ1FY0BW001151,,  
2017 Pacifica - SM0051-1 - 2C4RC1BG4HR762456,Pre-Owned,,,2C4RC1BG4HR762456,,  
2020 Grand Cherokee - T4173-1 - 1C4RJFBG0LC111622,Pre-Owned,,,1C4RJFBG0LC111622,,  
2021 Grand Cherokee - SK1019-1 - 1C4RJFBG2MC666430,Pre-Owned,,,1C4RJFBG2MC666430,,  
2021 Gladiator - T4180-1 - 1C6HJTAG8ML534453,Pre-Owned,,,1C6HJTAG8ML534453,,  
,,,,,,  
,,,,,,  
,,,,,,  
,,,,,,  
,,,,,,  
,,,,,,  
,,,,,,  
,,,,,,  
,,,,,,  
,,,,,,  
,,,,,,  
,,,,,,  
,,,,,,  
,,,,,,  
,,,,,,  
,,,,,,  
,,,,,,  
,,,,,,  
,,,,,,  
,,,,,,  
,,,,,,  
,,,,,,  
,,,,,,  
,,,,,,  
,,,,,,  
,,,,,,  
,,,,,,  
,,,,,,  
,,,,,,  
,,,,,,  
,,,,,,  
,,,,,,  
,,,,,,  
,,,,,,  
,,,,,,  
,,,,,,  
,,,,,,  
,,,,,,  
,,,,,,  
,,,,,,  
,,,,,,  
,,,,,,  
,,,,,,  
,,,,,,  
,,,,,,  
,,,,,,  
,,,,,,  
,,,,,,  
,,,,,,  
,,,,,,  
,,,,,,  
,,,,,,  
,,,,,,  
,,,,,,  
,,,,,,  
,,,,,,  
,,,,,,  
,,,,,,  
,,,,,,  
,,,,,,  
,,,,,,  
,,,,,,  
,,,,,,  
,,,,,,  
,,,,,,  
,,,,,,  
,,,,,,  
,,,,,,  
,,,,,,  
,,,,,,  
,,,,,,  
,,,,,,  
,,,,,,  
,,,,,,  
,,,,,,  
,,,,,,  
,,,,,,  
,,,,,,  
,,,,,,  
,,,,,,  
,,,,,,  
,,,,,,  
,,,,,,  
,,,,,,  
,,,,,,  
,,,,,,  
,,,,,,  
,,,,,,  
,,,,,,  
,,,,,,  
,,,,,,  
,,,,,,  
,,,,,,  
,,,,,,  
,,,,,,  
,,,,,,  
,,,,,,  
,,,,,,  
,,,,,,  
,,,,,,  
,,,,,,  
,,,,,,  
,,,,,,  
,,,,,,  
,,,,,,  
,,,,,,  
,,,,,,  
,,,,,,  
,,,,,,  
,,,,,,  
,,,,,,  
,,,,,,  
,,,,,,  
,,,,,,  
,,,,,,  
,,,,,,  
,,,,,,  
,,,,,,  
,,,,,,  
,,,,,,  
,,,,,,  
,,,,,,  
,,,,,,  
,,,,,,  
,,,,,,  
,,,,,,  
,,,,,,  
,,,,,,  
,,,,,,  
,,,,,,  
,,,,,,  
,,,,,,  
,,,,,,  
,,,,,,  
,,,,,,  
,,,,,,  
,,,,,,  
,,,,,,  
,,,,,,  
,,,,,,  
,,,,,,  
,,,,,,  
,,,,,,  
,,,,,,  
,,,,,,  
,,,,,,  
,,,,,,  
,,,,,,  
,,,,,,  
,,,,,,  
,,,,,,  
,,,,,,  
,,,,,,  
,,,,,,  
,,,,,,  
,,,,,,  
,,,,,,  
,,,,,,  
,,,,,,  
,,,,,,  
,,,,,,  
,,,,,,  
,,,,,,  
,,,,,,  
,,,,,,  
,,,,,,  
,,,,,,  
,,,,,,  
,,,,,,  
,,,,,,  
,,,,,,  
,,,,,,  
,,,,,,  
,,,,,,  
,,,,,,  
,,,,,,  
,,,,,,  
,,,,,,  
,,,,,,  
,,,,,,  
,,,,,,  
,,,,,,  
,,,,,,  
,,,,,,  
,,,,,,  
,,,,,,  
,,,,,,  
,,,,,,  
,,,,,,  
,,,,,,  
,,,,,,  
,,,,,,  
,,,,,,  
,,,,,,  
,,,,,,  
,,,,,,  
,,,,,,  
,,,,,,  
,,,,,,  
,,,,,,  
,,,,,,  
,,,,,,  
,,,,,,  
,,,,,,  
,,,,,,  
,,,,,,  
,,,,,,  
,,,,,,  
,,,,,,  
,,,,,,  
,,,,,,  
,,,,,,  
,,,,,,  
,,,,,,  
,,,,,,  
,,,,,,  
,,,,,,  
,,,,,,  
,,,,,,  
,,,,,,  
,,,,,,  
,,,,,,  
,,,,,,  
,,,,,,  
,,,,,,  
,,,,,,  
,,,,,,  
,,,,,,  
,,,,,,  
,,,,,,  
,,,,,,  
,,,,,,  
,,,,,,  
,,,,,,  
,,,,,,  
,,,,,,  
,,,,,,  
,,,,,,  
,,,,,,  
,,,,,,  
,,,,,,  
,,,,,,  
,,,,,,  
,,,,,,  
,,,,,,  
,,,,,,  
,,,,,,  
,,,,,,  
,,,,,,  
,,,,,,  
,,,,,,  
,,,,,,  
,,,,,,  
,,,,,,  
,,,,,,  
,,,,,,  
,,,,,,  
,,,,,,  
,,,,,,  
,,,,,,  
,,,,,,  
,,,,,,  
,,,,,,  
,,,,,,  
,,,,,,  
,,,,,,  
,,,,,,  
,,,,,,  
,,,,,,  
,,,,,,  
,,,,,,  
,,,,,,  
,,,,,,  
,,,,,,  
,,,,,,  
,,,,,,  
,,,,,,  
,,,,,,  
,,,,,,  
,,,,,,  
,,,,,,  
,,,,,,  
,,,,,,  
,,,,,,  
,,,,,,  
,,,,,,  
,,,,,,  
,,,,,,  
,,,,,,  
,,,,,,  
,,,,,,  
,,,,,,  
,,,,,,  
,,,,,,  
,,,,,,  
,,,,,,  
,,,,,,  
,,,,,,  
,,,,,,  
,,,,,,  
,,,,,,  
,,,,,,  
,,,,,,  
,,,,,,  
,,,,,,  
,,,,,,  
,,,,,,  
,,,,,,  
,,,,,,  
,,,,,,  
,,,,,,  
,,,,,,  
,,,,,,  
,,,,,,  
,,,,,,  
,,,,,,  
,,,,,,  
,,,,,,  
,,,,,,  
,,,,,,  
,,,,,,  
,,,,,,  
,,,,,,  
,,,,,,  
,,,,,,  
,,,,,,  
,,,,,,  
,,,,,,  
,,,,,,  
,,,,,,  
,,,,,,  
,,,,,,  
,,,,,,  
,,,,,,  
,,,,,,  
,,,,,,  
,,,,,,  
,,,,,,  
,,,,,,  
,,,,,,  
,,,,,,  
,,,,,,  
,,,,,,  
,,,,,,  
,,,,,,  
,,,,,,  
,,,,,,  
,,,,,,  
,,,,,,  
,,,,,,  
,,,,,,  
,,,,,,  
,,,,,,  
,,,,,,  
,,,,,,  
,,,,,,  
,,,,,,  
,,,,,,  
,,,,,,  
,,,,,,  
,,,,,,  
,,,,,,  
,,,,,,  
,,,,,,  
,,,,,,  
,,,,,,  
,,,,,,  
,,,,,,  
,,,,,,  
,,,,,,  
,,,,,,  
,,,,,,  
,,,,,,  
,,,,,,  
,,,,,,  
,,,,,,  
,,,,,,  
,,,,,,  
,,,,,,  
,,,,,,  
,,,,,,  
,,,,,,  
,,,,,,  
,,,,,,  
,,,,,,  
,,,,,,  
,,,,,,  
,,,,,,  
,,,,,,  
,,,,,,  
,,,,,,  
,,,,,,  
,,,,,,  
,,,,,,  
,,,,,,  
,,,,,,  
,,,,,,  
,,,,,,  
,,,,,,  
,,,,,,  
,,,,,,  
,,,,,,  
,,,,,,  
,,,,,,  
,,,,,,  
,,,,,,  
,,,,,,  
,,,,,,  
,,,,,,  
,,,,,,  
,,,,,,  
,,,,,,  
,,,,,,  
,,,,,,  
,,,,,,  
,,,,,,  
,,,,,,  
,,,,,,  
,,,,,,  
,,,,,,  
,,,,,,  
,,,,,,  
,,,,,,  
,,,,,,  
,,,,,,  
,,,,,,  
,,,,,,  
,,,,,,  
,,,,,,  
,,,,,,  
,,,,,,  
,,,,,,  
,,,,,,  
,,,,,,  
,,,,,,  
,,,,,,  
,,,,,,  
,,,,,,  
,,,,,,  
,,,,,,  
,,,,,,  
,,,,,,  
,,,,,,  
,,,,,,  
,,,,,,  
,,,,,,  
,,,,,,  
,,,,,,  
,,,,,,  
,,,,,,  
,,,,,,  
,,,,,,  
,,,,,,  
,,,,,,  
,,,,,,  
,,,,,,  
,,,,,,  
,,,,,,  
,,,,,,  
,,,,,,  
,,,,,,  
,,,,,,  
,,,,,,  
,,,,,,  
,,,,,,  
,,,,,,  
,,,,,,  
,,,,,,  
,,,,,,  
,,,,,,  
,,,,,,  
,,,,,,  
,,,,,,  
,,,,,,  
,,,,,,  
,,,,,,  
,,,,,,  
,,,,,,  
,,,,,,  
,,,,,,  
,,,,,,  
,,,,,,  
,,,,,,  
,,,,,,  
,,,,,,  
,,,,,,  
,,,,,,  
,,,,,,  
,,,,,,  
,,,,,,  
,,,,,,  
,,,,,,  
,,,,,,  
,,,,,,  
,,,,,,  
,,,,,,  
,,,,,,  
,,,,,,  
,,,,,,  
,,,,,,  
,,,,,,  
,,,,,,  
,,,,,,  
,,,,,,  
,,,,,,  
,,,,,,  
,,,,,,  
,,,,,,  
,,,,,,  
,,,,,,  
,,,,,,  
,,,,,,  
,,,,,,  
,,,,,,  
,,,,,,  
,,,,,,  
,,,,,,  
,,,,,,  
,,,,,,  
,,,,,,  
,,,,,,  
,,,,,,  
,,,,,,  
,,,,,,  
,,,,,,  
,,,,,,  
,,,,,,  
,,,,,,  
,,,,,,  
,,,,,,  
,,,,,,  
,,,,,,  
,,,,,,  
,,,,,,  
,,,,,,  
,,,,,,  
,,,,,,  
,,,,,,  
,,,,,,  
,,,,,,  
,,,,,,  
,,,,,,  
,,,,,,  
,,,,,,  
,,,,,,  
,,,,,,  
,,,,,,  
,,,,,,  
,,,,,,  
,,,,,,  
,,,,,,  
,,,,,,  
,,,,,,  
,,,,,,  
,,,,,,  
,,,,,,  
,,,,,,  
,,,,,,  
,,,,,,  
,,,,,,  
,,,,,,  
,,,,,,  
,,,,,,  
,,,,,,  
,,,,,,  
,,,,,,  
,,,,,,  
,,,,,,  
,,,,,,  
,,,,,,  
,,,,,,  
,,,,,,  
,,,,,,  
,,,,,,  
,,,,,,  
,,,,,,  
,,,,,,  
,,,,,,  
,,,,,,  
,,,,,,  
,,,,,,  
,,,,,,  
,,,,,,  
,,,,,,  
,,,,,,  
,,,,,,  
,,,,,,  
,,,,,,  
,,,,,,  
,,,,,,  
,,,,,,  
,,,,,,  
,,,,,,  
,,,,,,  
,,,,,,  
,,,,,,  
,,,,,,  
,,,,,,  
,,,,,,  
,,,,,,  
,,,,,,  
,,,,,,  
,,,,,,  
,,,,,,  
,,,,,,  
,,,,,,  
,,,,,,  
,,,,,,  
,,,,,,  
,,,,,,  
,,,,,,  
,,,,,,  
,,,,,,  
,,,,,,  
,,,,,,  
,,,,,,  
,,,,,,  
,,,,,,  
,,,,,,  
,,,,,,  
,,,,,,  
,,,,,,  
,,,,,,  
,,,,,,  
,,,,,,  
,,,,,,  
,,,,,,  
,,,,,,  
,,,,,,  
,,,,,,  
,,,,,,  
,,,,,,  
,,,,,,  
,,,,,,  
,,,,,,  
,,,,,,  
,,,,,,  
,,,,,,  
,,,,,,  
,,,,,,  
,,,,,,  
,,,,,,  
,,,,,,  
,,,,,,  
,,,,,,  
,,,,,,  
,,,,,,  
,,,,,,  
,,,,,,  
,,,,,,  
,,,,,,  
,,,,,,  
,,,,,,  
,,,,,,  
,,,,,,  
,,,,,,  
,,,,,,  
,,,,,,  
,,,,,,  
,,,,,,  
,,,,,,  
,,,,,,  
,,,,,,  
,,,,,,  
,,,,,,  
,,,,,,  
,,,,,,  
,,,,,,  
,,,,,,  
,,,,,,  
,,,,,,  
,,,,,,  
,,,,,,  
,,,,,,  
,,,,,,  
,,,,,,  
,,,,,,  
,,,,,,  
,,,,,,  
,,,,,,  
,,,,,,  
,,,,,,  
,,,,,,  
,,,,,,  
,,,,,,  
,,,,,,  
,,,,,,  
,,,,,,  
,,,,,,  
,,,,,,  
,,,,,,  
,,,,,,  
,,,,,,  
,,,,,,  
,,,,,,  
,,,,,,  
,,,,,,  
,,,,,,  
,,,,,,  
,,,,,,  
,,,,,,  
,,,,,,  
,,,,,,  
,,,,,,  
,,,,,,  
,,,,,,  
,,,,,,  
,,,,,,  
,,,,,,  
,,,,,,  
,,,,,,  
,,,,,,  
,,,,,,  
,,,,,,  
,,,,,,  
,,,,,,  
,,,,,,  
,,,,,,  
,,,,,,  
,,,,,,  
,,,,,,  
,,,,,,  
,,,,,,  
,,,,,,  
,,,,,,  
,,,,,,  
,,,,,,  
,,,,,,  
,,,,,,  
,,,,,,  
,,,,,,  
,,,,,,  
,,,,,,  
,,,,,,  
,,,,,,  
,,,,,,  
,,,,,,  
,,,,,,  
,,,,,,  
,,,,,,  
,,,,,,  
,,,,,,  
,,,,,,  
,,,,,,  
,,,,,,  
,,,,,,  
,,,,,,  
,,,,,,  
,,,,,,  
,,,,,,  
,,,,,,  
,,,,,,  
,,,,,,  
,,,,,,  
,,,,,,  
,,,,,,  
,,,,,,  
,,,,,,  
,,,,,,  
,,,,,,  
,,,,,,  
,,,,,,  
,,,,,,  
,,,,,,  
,,,,,,  
,,,,,,  
,,,,,,  
,,,,,,  
,,,,,,  
,,,,,,  
,,,,,,  
,,,,,,  
,,,,,,  
,,,,,,  
,,,,,,  
,,,,,,  
,,,,,,  
,,,,,,  
,,,,,,  
,,,,,,  
,,,,,,  
,,,,,,  
,,,,,,  
,,,,,,  
,,,,,,  
,,,,,,  
,,,,,,  
,,,,,,  
,,,,,,  
,,,,,,  
,,,,,,  
,,,,,,  
,,,,,,  
,,,,,,  
,,,,,,  
,,,,,,  
,,,,,,  
,,,,,,  
,,,,,,  
,,,,,,  
,,,,,,  
,,,,,,  
,,,,,,  
,,,,,,  
,,,,,,  
,,,,,,  
,,,,,,  
,,,,,,  
,,,,,,  
,,,,,,  
,,,,,,  
,,,,,,  
,,,,,,  
,,,,,,  
,,,,,,  
,,,,,,  
,,,,,,  
,,,,,,  
,,,,,,  
,,,,,,  
,,,,,,  
,,,,,,  
,,,,,,  
,,,,,,  
,,,,,,  
,,,,,,  
,,,,,,  
,,,,,,  
,,,,,,  
,,,,,,  
,,,,,,  
,,,,,,  
,,,,,,  
,,,,,,  
,,,,,,  
,,,,,,  
,,,,,,  
,,,,,,  
,,,,,,  
,,,,,,  
,,,,,,  
,,,,,,  
,,,,,,  
,,,,,,  
,,,,,,  
,,,,,,  
,,,,,,  
,,,,,,  
,,,,,,  
,,,,,,  
,,,,,,  
,,,,,,  
,,,,,,  
,,,,,,  
,,,,,,  
,,,,,,  
,,,,,,  
,,,,,,  
,,,,,,  
,,,,,,  
,,,,,,  
,,,,,,  
,,,,,,  
,,,,,,  
,,,,,,  
,,,,,,  
,,,,,,  
,,,,,,  
,,,,,,  
,,,,,,  
,,,,,,  
,,,,,,  
,,,,,,  
,,,,,,  
,,,,,,  
,,,,,,  
,,,,,,  
,,,,,,  
,,,,,,  
,,,,,,  
,,,,,,  
,,,,,,  
,,,,,,  
,,,,,,  
,,,,,,  
,,,,,,  
,,,,,,  
,,,,,,  
,,,,,,  
,,,,,,  
,,,,,,  
,,,,,,  
,,,,,,  
,,,,,,  
,,,,,,  
,,,,,,  
,,,,,,  
,,,,,,  
,,,,,,  
,,,,,,  
,,,,,,  
,,,,,,  
,,,,,,  
,,,,,,  
,,,,,,  
,,,,,,  
,,,,,,  
,,,,,,  
,,,,,,  
,,,,,,  
,,,,,,  
,,,,,,  
,,,,,,  
,,,,,,  
,,,,,,  
,,,,,,  
,,,,,,  
,,,,,,  
,,,,,,  
,,,,,,  
,,,,,,  
,,,,,,  
,,,,,,  
,,,,,,  
,,,,,,  
,,,,,,  
,,,,,,  
,,,,,,  
,,,,,,  
,,,,,,  
,,,,,,  
,,,,,,  
,,,,,,  
,,,,,,  
,,,,,,  
,,,,,,  
,,,,,,  
,,,,,,  
,,,,,,  
,,,,,,  
,,,,,,  
,,,,,,  
,,,,,,  
,,,,,,  
,,,,,,  
,,,,,,  
,,,,,,  
,,,,,,  
,,,,,,  
,,,,,,  
,,,,,,  
,,,,,,  
,,,,,,  
,,,,,,  
,,,,,,  
,,,,,,  
,,,,,,  
,,,,,,  
,,,,,,  
,,,,,,  
,,,,,,  
,,,,,,  
,,,,,,  
,,,,,,  
,,,,,,  
,,,,,,  
,,,,,,  
,,,,,,  
,,,,,,  
,,,,,,  
,,,,,,  
,,,,,,  
,,,,,,  
,,,,,,  
,,,,,,  
,,,,,,  
,,,,,,  
,,,,,,  
,,,,,,  
,,,,,,  
,,,,,,  
,,,,,,  
,,,,,,  
,,,,,,  
,,,,,,  
,,,,,,  
,,,,,,  
,,,,,,  
,,,,,,  
,,,,,,  
,,,,,,  
,,,,,,  
,,,,,,  
,,,,,,  
,,,,,,  
,,,,,,  
,,,,,,  
,,,,,,  
,,,,,,  
,,,,,,  
,,,,,,  
,,,,,,  
,,,,,,  
,,,,,,  
,,,,,,  
,,,,,,  
,,,,,,  
,,,,,,  
,,,,,,  
,,,,,,  
,,,,,,  
,,,,,,  
,,,,,,  
,,,,,,  
,,,,,,  
,,,,,,  
,,,,,,  
,,,,,,  
,,,,,,  
,,,,,,  
,,,,,,  
,,,,,,  
,,,,,,  
,,,,,,  
,,,,,,  
,,,,,,  
,,,,,,  
,,,,,,  
,,,,,,  
,,,,,,  
,,,,,,  
,,,,,,  
,,,,,,  
,,,,,,  
,,,,,,  
,,,,,,  
,,,,,,  
,,,,,,  
,,,,,,  
,,,,,,  
,,,,,,  
,,,,,,  
,,,,,,  
,,,,,,  
,,,,,,  
,,,,,,  
,,,,,,  
,,,,,,  
,,,,,,  
,,,,,,  
,,,,,,  
,,,,,,  
,,,,,,  
,,,,,,  
,,,,,,  
,,,,,,  
,,,,,,  
,,,,,,  
,,,,,,  
,,,,,,  
,,,,,,  
,,,,,,  
,,,,,,  
,,,,,,  
,,,,,,  
,,,,,,  
,,,,,,  
,,,,,,  
,,,,,,  
,,,,,,  
,,,,,,  
,,,,,,  
,,,,,,  
,,,,,,  
,,,,,,  
,,,,,,  
,,,,,,  
,,,,,,  
,,,,,,  
,,,,,,  
,,,,,,  
,,,,,,  
,,,,,,  
,,,,,,  
,,,,,,  
,,,,,,  
,,,,,,  
,,,,,,  
,,,,,,  
,,,,,,  
,,,,,,  
,,,,,,  
,,,,,,  
,,,,,,  
,,,,,,  
,,,,,,  
,,,,,,  
,,,,,,  
,,,,,,  
,,,,,,  
,,,,,,  
,,,,,,  
,,,,,,  
,,,,,,  
,,,,,,  
,,,,,,  
,,,,,,  
,,,,,,  
,,,,,,  
,,,,,,  
,,,,,,  
,,,,,,  
,,,,,,  
,,,,,,  
,,,,,,  
,,,,,,  
,,,,,,  
,,,,,,  
,,,,,,  
,,,,,,  
,,,,,,  
,,,,,,  
,,,,,,  
,,,,,,  
,,,,,,  
,,,,,,  
,,,,,,  
,,,,,,  
,,,,,,  
,,,,,,  
,,,,,,  
,,,,,,  
,,,,,,  
,,,,,,  
,,,,,,  
,,,,,,  
,,,,,,  
,,,,,,  
,,,,,,  
,,,,,,  
,,,,,,  
,,,,,,  
,,,,,,  
,,,,,,  
,,,,,,  
,,,,,,  
,,,,,,  
,,,,,,  
,,,,,,  
,,,,,,  
,,,,,,  
,,,,,,  
,,,,,,  
,,,,,,  
,,,,,,  
,,,,,,  
,,,,,,  
,,,,,,  
,,,,,,  
,,,,,,  
,,,,,,  
,,,,,,  
,,,,,,  
,,,,,,  
,,,,,,  
,,,,,,  
,,,,,,  
,,,,,,  
,,,,,,  
,,,,,,  
,,,,,,  
,,,,,,  
,,,,,,  
,,,,,,  
,,,,,,  
,,,,,,  
,,,,,,  
,,,,,,  
,,,,,,  
,,,,,,  
,,,,,,  
,,,,,,  
,,,,,,  
,,,,,,  
,,,,,,  
,,,,,,  
,,,,,,  
,,,,,,  
,,,,,,  
,,,,,,  
,,,,,,  
,,,,,,  
,,,,,,  
,,,,,,  
,,,,,,  
,,,,,,  
,,,,,,  
,,,,,,  
,,,,,,  
,,,,,,  
,,,,,,  
,,,,,,  
,,,,,,  
,,,,,,  
,,,,,,  
,,,,,,  
,,,,,,  
,,,,,,  
,,,,,,  
,,,,,,  
,,,,,,  
,,,,,,  
,,,,,,  
,,,,,,  
,,,,,,  
,,,,,,  
,,,,,,  
,,,,,,  
,,,,,,  
,,,,,,  
,,,,,,  
,,,,,,  
,,,,,,  
,,,,,,  
,,,,,,  
,,,,,,  
,,,,,,  
,,,,,,  
,,,,,,  
,,,,,,  
,,,,,,  
,,,,,,  
,,,,,,  
,,,,,,  
,,,,,,  
,,,,,,  
,,,,,,  
,,,,,,  
,,,,,,  
,,,,,,  
,,,,,,  
,,,,,,  
,,,,,,  
,,,,,,  
,,,,,,  
,,,,,,  
,,,,,,  
,,,,,,  
,,,,,,  
,,,,,,  
,,,,,,  
,,,,,,  
,,,,,,  
,,,,,,  
,,,,,,  
,,,,,,  
,,,,,,  
,,,,,,  
,,,,,,  
,,,,,,  
,,,,,,  
,,,,,,  
,,,,,,  
,,,,,,  
,,,,,,  
,,,,,,  
,,,,,,  
,,,,,,  
,,,,,,  
,,,,,,  
,,,,,,  
,,,,,,  
,,,,,,  
,,,,,,  
,,,,,,  
,,,,,,  
,,,,,,  
,,,,,,  
,,,,,,  
,,,,,,  
,,,,,,  
,,,,,,  
,,,,,,  
,,,,,,  
,,,,,,  
,,,,,,  
,,,,,,  
,,,,,,  
,,,,,,  
,,,,,,  
,,,,,,  
,,,,,,  
,,,,,,  
,,,,,,  
,,,,,,  
,,,,,,  
,,,,,,  
,,,,,,  
,,,,,,  
,,,,,,  
,,,,,,  
,,,,,,  
,,,,,,  
,,,,,,  
,,,,,,  
,,,,,,  
,,,,,,  
,,,,,,  
,,,,,,  
,,,,,,  
,,,,,,  
,,,,,,  
,,,,,,  
,,,,,,  
,,,,,,  
,,,,,,  
,,,,,,  
,,,,,,  
,,,,,,  
,,,,,,  
,,,,,,  
,,,,,,  
,,,,,,  
,,,,,,  
,,,,,,  
,,,,,,  
,,,,,,  
,,,,,,  
,,,,,,  
,,,,,,  
,,,,,,  
,,,,,,  
,,,,,,  
,,,,,,  
,,,,,,  
,,,,,,  
,,,,,,  
,,,,,,  
,,,,,,  
,,,,,,  
,,,,,,  
,,,,,,  
,,,,,,  
,,,,,,  
,,,,,,  
,,,,,,  
,,,,,,  
,,,,,,  
,,,,,,  
,,,,,,  
,,,,,,  
,,,,,,  
,,,,,,  
,,,,,,  
,,,,,,  
,,,,,,  
,,,,,,  
,,,,,,  
,,,,,,  
,,,,,,  
,,,,,,  
,,,,,,  
,,,,,,  
,,,,,,  
,,,,,,  
,,,,,,  
,,,,,,  
,,,,,,  
,,,,,,  
,,,,,,  
,,,,,,  
,,,,,,  
,,,,,,  
,,,,,,  
,,,,,,  
,,,,,,  
,,,,,,  
,,,,,,  
,,,,,,  
,,,,,,  
,,,,,,  
,,,,,,  
,,,,,,  
,,,,,,  
,,,,,,  
,,,,,,  
,,,,,,  
,,,,,,  
,,,,,,  
,,,,,,  
,,,,,,  
,,,,,,  
,,,,,,  
,,,,,,  
,,,,,,  
,,,,,,  
,,,,,,  
,,,,,,  
,,,,,,  
,,,,,,  
,,,,,,  
,,,,,,  
,,,,,,  
,,,,,,  
,,,,,,  
,,,,,,  
,,,,,,  
,,,,,,  
,,,,,,  
,,,,,,  
,,,,,,  
,,,,,,  
,,,,,,  
,,,,,,  
,,,,,,  
,,,,,,  
,,,,,,  
,,,,,,  
,,,,,,  
,,,,,,  
,,,,,,  
,,,,,,  
,,,,,,  
,,,,,,  
,,,,,,  
,,,,,,  
,,,,,,  
,,,,,,  
,,,,,,  
,,,,,,  
,,,,,,  
,,,,,,  
,,,,,,  
,,,,,,  
,,,,,,  
,,,,,,  
,,,,,,  
,,,,,,  
,,,,,,  
,,,,,,  
,,,,,,  
,,,,,,  
,,,,,,  
,,,,,,  
,,,,,,  
,,,,,,  
,,,,,,  
,,,,,,  
,,,,,,  
,,,,,,  
,,,,,,  
,,,,,,  
,,,,,,  
,,,,,,  
,,,,,,  
,,,,,,  
,,,,,,  
,,,,,,  
,,,,,,  
,,,,,,  
,,,,,,  
,,,,,,  
,,,,,,  
,,,,,,  
,,,,,,  
,,,,,,  
,,,,,,  
,,,,,,  
,,,,,,  
,,,,,,  
,,,,,,  
,,,,,,  
,,,,,,  
,,,,,,  
,,,,,,  
,,,,,,  
,,,,,,  
,,,,,,  
,,,,,,  
,,,,,,  
,,,,,,  
,,,,,,  
,,,,,,  
,,,,,,  
,,,,,,  
,,,,,,  
,,,,,,  
,,,,,,  
,,,,,,  
,,,,,,  
,,,,,,  
,,,,,,  
,,,,,,  
,,,,,,  
,,,,,,  
,,,,,,  
,,,,,,  
,,,,,,  
,,,,,,  
,,,,,,  
,,,,,,  
,,,,,,  
,,,,,,  
,,,,,,  
,,,,,,  
,,,,,,  
,,,,,,  
,,,,,,  
,,,,,,  
,,,,,,  
,,,,,,  
,,,,,,  
,,,,,,  
,,,,,,  
,,,,,,  
,,,,,,  
,,,,,,  
,,,,,,  
,,,,,,  
,,,,,,  
,,,,,,  
,,,,,,  
,,,,,,  
,,,,,,  
,,,,,,  
,,,,,,  
,,,,,,  
,,,,,,  
,,,,,,  
,,,,,,  
,,,,,,  
,,,,,,  
,,,,,,  
,,,,,,  
,,,,,,  
,,,,,,  
,,,,,,  
,,,,,,  
,,,,,,  
,,,,,,  
,,,,,,  
,,,,,,  
,,,,,,  
,,,,,,  
,,,,,,  
,,,,,,  
,,,,,,  
,,,,,,  
,,,,,,  
,,,,,,  
,,,,,,  
,,,,,,  
,,,,,,  
,,,,,,  
,,,,,,  
,,,,,,  
,,,,,,  
,,,,,,  
,,,,,,  
,,,,,,  
,,,,,,  
,,,,,,  
,,,,,,  
,,,,,,  
,,,,,,  
,,,,,,  
,,,,,,  
,,,,,,  
,,,,,,  
,,,,,,  
,,,,,,  
,,,,,,  
,,,,,,  
,,,,,,  
,,,,,,  
,,,,,,  
,,,,,,  
,,,,,,  
,,,,,,  
,,,,,,  
,,,,,,  
,,,,,,  
,,,,,,  
,,,,,,  
,,,,,,  
,,,,,,  
,,,,,,  
,,,,,,  
,,,,,,  
,,,,,,  
,,,,,,  
,,,,,,  
,,,,,,  
,,,,,,  
,,,,,,  
,,,,,,  
,,,,,,  
,,,,,,  
,,,,,,  
,,,,,,  
,,,,,,  
,,,,,,  
,,,,,,  
,,,,,,  
,,,,,,  
,,,,,,  
,,,,,,  
,,,,,,  
,,,,,,  
,,,,,,  
,,,,,,  
,,,,,,  
,,,,,,  
,,,,,,  
,,,,,,  
,,,,,,  
,,,,,,  
,,,,,,  
,,,,,,  
,,,,,,  
,,,,,,  
,,,,,,  
,,,,,,  
,,,,,,  
,,,,,,  
,,,,,,  
,,,,,,  
,,,,,,  
,,,,,,  
,,,,,,  
,,,,,,  
,,,,,,  
,,,,,,  
,,,,,,  
,,,,,,  
,,,,,,  
,,,,,,  
,,,,,,  
,,,,,,  
,,,,,,  
,,,,,,  
,,,,,,  
,,,,,,  
,,,,,,  
,,,,,,  
,,,,,,  
,,,,,,  
,,,,,,  
,,,,,,  
,,,,,,  
,,,,,,  
,,,,,,  
,,,,,,  
,,,,,,  
,,,,,,  
,,,,,,  
,,,,,,  
,,,,,,  
,,,,,,  
,,,,,,  
,,,,,,  
,,,,,,  
,,,,,,  
,,,,,,  
,,,,,,  
,,,,,,  
,,,,,,  
,,,,,,  
,,,,,,  
,,,,,,  
,,,,,,  
,,,,,,  
,,,,,,  
,,,,,,  
,,,,,,  
,,,,,,  
,,,,,,  
,,,,,,  
,,,,,,  
,,,,,,  
,,,,,,  
,,,,,,  
,,,,,,  
,,,,,,  
,,,,,,  
,,,,,,  
,,,,,,  
,,,,,,  
,,,,,,  
,,,,,,  
,,,,,,  
,,,,,,  
,,,,,,  
,,,,,,  
,,,,,,  
,,,,,,  
,,,,,,  
,,,,,,  
,,,,,,  
,,,,,,  
,,,,,,  
,,,,,,  
,,,,,,  
,,,,,,  
,,,,,,  
,,,,,,  
,,,,,,  
,,,,,,  
,,,,,,  
,,,,,,  
,,,,,,  
,,,,,,  
,,,,,,  
,,,,,,  
,,,,,,  
,,,,,,  
,,,,,,  
,,,,,,  
,,,,,,  
,,,,,,  
,,,,,,  
,,,,,,  
,,,,,,  
,,,,,,  
,,,,,,  
,,,,,,  
,,,,,,  
,,,,,,  
,,,,,,  
,,,,,,  
,,,,,,  
,,,,,,  
,,,,,,  
,,,,,,  
,,,,,,  
,,,,,,  
,,,,,,  
,,,,,,  
,,,,,,  
,,,,,,  
,,,,,,  
,,,,,,  
,,,,,,  
,,,,,,  
,,,,,,  
,,,,,,  
,,,,,,  
,,,,,,  
,,,,,,  
,,,,,,  
,,,,,,  
,,,,,,  
,,,,,,  
,,,,,,  
,,,,,,  
,,,,,,  
,,,,,,  
,,,,,,  
,,,,,,  
,,,,,,  
,,,,,,  
,,,,,,  
,,,,,,  
,,,,,,  
,,,,,,  
,,,,,,  
,,,,,,  
,,,,,,  
,,,,,,  
,,,,,,  
,,,,,,  
,,,,,,  
,,,,,,  
,,,,,,  
,,,,,,  
,,,,,,  
,,,,,,  
,,,,,,  
,,,,,,  
,,,,,,  
,,,,,,  
,,,,,,  
,,,,,,  
,,,,,,  
,,,,,,  
,,,,,,  
,,,,,,  
,,,,,,  
,,,,,,  
,,,,,,  
,,,,,,  
,,,,,,  
,,,,,,  
,,,,,,  
,,,,,,  
,,,,,,  
,,,,,,  
,,,,,,  
,,,,,,  
,,,,,,  
,,,,,,  
,,,,,,  
,,,,,,  
,,,,,,  
,,,,,,  
,,,,,,  
,,,,,,  
,,,,,,  
,,,,,,  
,,,,,,  
,,,,,,  
,,,,,,  
,,,,,,  
,,,,,,  
,,,,,,  
,,,,,,  
,,,,,,  
,,,,,,  
,,,,,,  
,,,,,,  
,,,,,,  
,,,,,,  
,,,,,,  
,,,,,,  
,,,,,,  
,,,,,,  
,,,,,,  
,,,,,,  
,,,,,,  
,,,,,,  
,,,,,,  
,,,,,,  
,,,,,,  
,,,,,,  
,,,,,,  
,,,,,,  
,,,,,,  
,,,,,,  
,,,,,,  
,,,,,,  
,,,,,,  
,,,,,,  
,,,,,,  
,,,,,,  
,,,,,,  
,,,,,,  
,,,,,,  
,,,,,,  
,,,,,,  
,,,,,,  
,,,,,,  
,,,,,,  
,,,,,,  
,,,,,,  
,,,,,,  
,,,,,,  
,,,,,,  
,,,,,,  
,,,,,,  
,,,,,,  
,,,,,,  
,,,,,,  
,,,,,,  
,,,,,,  
,,,,,,  
,,,,,,  
,,,,,,  
,,,,,,  
,,,,,,  
,,,,,,  
,,,,,,  
,,,,,,  
,,,,,,  
,,,,,,  
,,,,,,  
,,,,,,  
,,,,,,  
,,,,,,  
,,,,,,  
,,,,,,  
,,,,,,  
,,,,,,  
,,,,,,  
,,,,,,  
,,,,,,  
,,,,,,  
,,,,,,  
,,,,,,  
,,,,,,  
,,,,,,  
,,,,,,  
,,,,,,  
,,,,,,  
,,,,,,  
,,,,,,  
,,,,,,  
,,,,,,  
,,,,,,  
,,,,,,  
,,,,,,  
,,,,,,  
,,,,,,  
,,,,,,  
,,,,,,  
,,,,,,  
,,,,,,  
,,,,,,  
,,,,,,  
,,,,,,  
,,,,,,  
,,,,,,  
,,,,,,  
,,,,,,  
,,,,,,  
,,,,,,  
,,,,,,  
,,,,,,  
,,,,,,  
,,,,,,  
,,,,,,  
,,,,,,  
,,,,,,  
,,,,,,  
,,,,,,  
,,,,,,  
,,,,,,  
,,,,,,  
,,,,,,  
,,,,,,  
,,,,,,  
,,,,,,  
,,,,,,  
,,,,,,  
,,,,,,  
,,,,,,  
,,,,,,  
,,,,,,  
,,,,,,  
,,,,,,  
,,,,,,  
,,,,,,  
,,,,,,  
,,,,,,  
,,,,,,  
,,,,,,  
,,,,,,  
,,,,,,  
,,,,,,  
,,,,,,  
,,,,,,  
,,,,,,  
,,,,,,  
,,,,,,  
,,,,,,  
,,,,,,  
,,,,,,  
,,,,,,  
,,,,,,  
,,,,,,  
,,,,,,  
,,,,,,  
,,,,,,  
,,,,,,  
,,,,,,  
,,,,,,  
,,,,,,  
,,,,,,  
,,,,,,  
,,,,,,  
,,,,,,  
,,,,,,  
,,,,,,  
,,,,,,  
,,,,,,  
,,,,,,  
,,,,,,  
,,,,,,  
,,,,,,  
,,,,,,  
,,,,,,  
,,,,,,  
,,,,,,  
,,,,,,  
,,,,,,  
,,,,,,  
,,,,,,  
,,,,,,  
,,,,,,  
,,,,,,  
,,,,,,  
,,,,,,  
,,,,,,  
,,,,,,  
,,,,,,  
,,,,,,  
,,,,,,  
,,,,,,  
,,,,,,  
,,,,,,  
,,,,,,  
,,,,,,  
,,,,,,  
,,,,,,  
,,,,,,  
,,,,,,  
,,,,,,  
,,,,,,  
,,,,,,  
,,,,,,  
,,,,,,  
,,,,,,  
,,,,,,  
,,,,,,  
,,,,,,  
,,,,,,  
,,,,,,  
,,,,,,  
,,,,,,  
,,,,,,  
,,,,,,  
,,,,,,  
,,,,,,  
,,,,,,  
,,,,,,  
,,,,,,  
,,,,,,  
,,,,,,  
,,,,,,  
,,,,,,  
,,,,,,  
,,,,,,  
,,,,,,  
,,,,,,  
,,,,,,  
,,,,,,  
,,,,,,  
,,,,,,  
,,,,,,  
,,,,,,  
,,,,,,  
,,,,,,  
,,,,,,  
,,,,,,  
,,,,,,  
,,,,,,  
,,,,,,  
,,,,,,  
,,,,,,  
,,,,,,  
,,,,,,  
,,,,,,  
,,,,,,  
,,,,,,  
,,,,,,  
,,,,,,  
,,,,,,  
,,,,,,  
,,,,,,  
,,,,,,  
,,,,,,  
,,,,,,  
,,,,,,  
,,,,,,  
,,,,,,  
,,,,,,  
,,,,,,  
,,,,,,  
,,,,,,  
,,,,,,  
,,,,,,  
,,,,,,  
,,,,,,  
,,,,,,  
,,,,,,  
,,,,,,  
,,,,,,  
,,,,,,  
,,,,,,  
,,,,,,  
,,,,,,  
,,,,,,  
,,,,,,  
,,,,,,  
,,,,,,  
,,,,,,  
,,,,,,  
,,,,,,  
,,,,,,  
,,,,,,  
,,,,,,  
,,,,,,  
,,,,,,  
,,,,,,  
,,,,,,  
,,,,,,  
,,,,,,  
,,,,,,  
,,,,,,  
,,,,,,  
,,,,,,  
,,,,,,  
,,,,,,  
,,,,,,  
,,,,,,  
,,,,,,  
,,,,,,  
,,,,,,  
,,,,,,  
,,,,,,  
,,,,,,  
,,,,,,  
,,,,,,  
,,,,,,  
,,,,,,  
,,,,,,  
,,,,,,  
,,,,,,  
,,,,,,  
,,,,,,  
,,,,,,  
,,,,,,  
,,,,,,  
,,,,,,  
,,,,,,  
,,,,,,  
,,,,,,  
,,,,,,  
,,,,,,  
,,,,,,  
,,,,,,  
,,,,,,  
,,,,,,  
,,,,,,  
,,,,,,  
,,,,,,  
,,,,,,  
,,,,,,  
,,,,,,  
,,,,,,  
,,,,,,  
,,,,,,  
,,,,,,  
,,,,,,  
,,,,,,  
,,,,,,  
,,,,,,  
,,,,,,  
,,,,,,  
,,,,,,  
,,,,,,  
,,,,,,  
,,,,,,  
,,,,,,  
,,,,,,  
,,,,,,  
,,,,,,  
,,,,,,  
,,,,,,  
,,,,,,  
,,,,,,  
,,,,,,  
,,,,,,  
,,,,,,  
,,,,,,  
,,,,,,  
,,,,,,  
,,,,,,  
,,,,,,  
,,,,,,  
,,,,,,  
,,,,,,  
,,,,,,  
,,,,,,  
,,,,,,  
,,,,,,  
,,,,,,  
,,,,,,  
,,,,,,  
,,,,,,  
,,,,,,  
,,,,,,  
,,,,,,  
,,,,,,  
,,,,,,  
,,,,,,  
,,,,,,  
,,,,,,  
,,,,,,  
,,,,,,  
,,,,,,  
,,,,,,  
,,,,,,  
,,,,,,  
,,,,,,  
,,,,,,  
,,,,,,  
,,,,,,  
,,,,,,  
,,,,,,  
,,,,,,  
,,,,,,  
,,,,,,  
,,,,,,  
,,,,,,  
,,,,,,  
,,,,,,  
,,,,,,  
,,,,,,  
,,,,,,  
,,,,,,  
,,,,,,  
,,,,,,  
,,,,,,  
,,,,,,  
,,,,,,  
,,,,,,  
,,,,,,  
,,,,,,  
,,,,,,  
,,,,,,  
,,,,,,  
,,,,,,  
,,,,,,  
,,,,,,  
,,,,,,  
,,,,,,  
,,,,,,  
,,,,,,  
,,,,,,  
,,,,,,  
,,,,,,  
,,,,,,  
,,,,,,  
,,,,,,  
,,,,,,  
,,,,,,  
,,,,,,  
,,,,,,  
,,,,,,  
,,,,,,  
,,,,,,  
,,,,,,  
,,,,,,  
,,,,,,  
,,,,,,  
,,,,,,  
,,,,,,  
,,,,,,  
,,,,,,  
,,,,,,  
,,,,,,  
,,,,,,  
,,,,,,  
,,,,,,  
,,,,,,  
,,,,,,  
,,,,,,  
,,,,,,  
,,,,,,  
,,,,,,  
,,,,,,  
,,,,,,  
,,,,,,  
,,,,,,  
,,,,,,  
,,,,,,  
,,,,,,  
,,,,,,  
,,,,,,  
,,,,,,  
,,,,,,  
,,,,,,  
,,,,,,  
,,,,,,  
,,,,,,  
,,,,,,  
,,,,,,  
,,,,,,  
,,,,,,  
,,,,,,  
,,,,,,  
,,,,,,  
,,,,,,  
,,,,,,  
,,,,,,  
,,,,,,  
,,,,,,  
,,,,,,  
,,,,,,  
,,,,,,  
,,,,,,  
,,,,,,  
,,,,,,  
,,,,,,  
,,,,,,  
,,,,,,  
,,,,,,  
,,,,,,  
,,,,,,  
,,,,,,  
,,,,,,  
,,,,,,  
,,,,,,  
,,,,,,  
,,,,,,  
,,,,,,  
,,,,,,  
,,,,,,  
,,,,,,  
,,,,,,  
,,,,,,  
,,,,,,  
,,,,,,  
,,,,,,  
,,,,,,  
,,,,,,  
,,,,,,  
,,,,,,  
,,,,,,  
,,,,,,  
,,,,,,  
,,,,,,  
,,,,,,  
,,,,,,  
,,,,,,  
,,,,,,  
,,,,,,  
,,,,,,  
,,,,,,  
,,,,,,  
,,,,,,  
,,,,,,  
,,,,,,  
,,,,,,  
,,,,,,  
,,,,,,  
,,,,,,  
,,,,,,  
,,,,,,  
,,,,,,  
,,,,,,  
,,,,,,  
,,,,,,  
,,,,,,  
,,,,,,  
,,,,,,  
,,,,,,  
,,,,,,  
,,,,,,  
,,,,,,  
,,,,,,  
,,,,,,  
,,,,,,  
,,,,,,  
,,,,,,  
,,,,,,  
,,,,,,  
,,,,,,  
,,,,,,  
,,,,,,  
,,,,,,  
,,,,,,  
,,,,,,  
,,,,,,  
,,,,,,  
,,,,,,  
,,,,,,  
,,,,,,  
,,,,,,  
,,,,,,  
,,,,,,  
,,,,,,  
,,,,,,  
,,,,,,  
,,,,,,  
,,,,,,  
,,,,,,  
,,,,,,  
,,,,,,  
,,,,,,  
,,,,,,  
,,,,,,  
,,,,,,  
,,,,,,  
,,,,,,  
,,,,,,  
,,,,,,  
,,,,,,  
,,,,,,  
,,,,,,  
,,,,,,  
,,,,,,  
,,,,,,  
,,,,,,  
,,,,,,  
,,,,,,  
,,,,,,  
,,,,,,  
,,,,,,  
,,,,,,  
,,,,,,  
,,,,,,  
,,,,,,  
,,,,,,  
,,,,,,  
,,,,,,  
,,,,,,  
,,,,,,  
,,,,,,  
,,,,,,  
,,,,,,  
,,,,,,  
,,,,,,  
,,,,,,  
,,,,,,  
,,,,,,  
,,,,,,  
,,,,,,  
,,,,,,  
,,,,,,  
,,,,,,  
,,,,,,  
,,,,,,  
,,,,,,  
,,,,,,  
,,,,,,  
,,,,,,  
,,,,,,  
,,,,,,  
,,,,,,  
,,,,,,  
,,,,,,  
,,,,,,  
,,,,,,  
,,,,,,  
,,,,,,  
,,,,,,  
,,,,,,  
,,,,,,  
,,,,,,  
,,,,,,  
,,,,,,  
,,,,,,  
,,,,,,  
,,,,,,  
,,,,,,  
,,,,,,  
,,,,,,  
,,,,,,  
,,,,,,  
,,,,,,  
,,,,,,  
,,,,,,  
,,,,,,  
,,,,,,  
,,,,,,  
,,,,,,  
,,,,,,  
,,,,,,  
,,,,,,  
,,,,,,  
,,,,,,  
,,,,,,  
,,,,,,  
,,,,,,  
,,,,,,  
,,,,,,  
,,,,,,  
,,,,,,  
,,,,,,  
,,,,,,  
,,,,,,  
,,,,,,  
,,,,,,  
,,,,,,  
,,,,,,  
,,,,,,  
,,,,,,  
,,,,,,  
,,,,,,  
,,,,,,  
,,,,,,  
,,,,,,  
,,,,,,  
,,,,,,  
,,,,,,  
,,,,,,  
,,,,,,  
,,,,,,  
,,,,,,  
,,,,,,  
,,,,,,  
,,,,,,  
,,,,,,  
,,,,,,  
,,,,,,  
,,,,,,  
,,,,,,  
,,,,,,  
,,,,,,  
,,,,,,  
,,,,,,  
,,,,,,  
,,,,,,  
,,,,,,  
,,,,,,  
,,,,,,  
,,,,,,  
,,,,,,  
,,,,,,  
,,,,,,  
,,,,,,  
,,,,,,  
,,,,,,  
,,,,,,  
,,,,,,  
,,,,,,  
,,,,,,  
,,,,,,  
,,,,,,  
,,,,,,  
,,,,,,  
,,,,,,  
,,,,,,  
,,,,,,  
,,,,,,  
,,,,,,  
,,,,,,  
,,,,,,  
,,,,,,  
,,,,,,  
,,,,,,  
,,,,,,  
,,,,,,  
,,,,,,  
,,,,,,  
,,,,,,  
,,,,,,  
,,,,,,  
,,,,,,  
,,,,,,  
,,,,,,  
,,,,,,  
,,,,,,  
,,,,,,  
,,,,,,  
,,,,,,  
,,,,,,  
,,,,,,  
,,,,,,  
,,,,,,  
,,,,,,  
,,,,,,  
,,,,,,  
,,,,,,  
,,,,,,  
,,,,,,  
,,,,,,  
,,,,,,  
,,,,,,  
,,,,,,  
,,,,,,  
,,,,,,  
,,,,,,  
,,,,,,  
,,,,,,  
,,,,,,  
,,,,,,  
,,,,,,  
,,,,,,  
,,,,,,  
,,,,,,  
,,,,,,  
,,,,,,  
,,,,,,  
,,,,,,  
,,,,,,  
,,,,,,  
,,,,,,  
,,,,,,  
,,,,,,  
,,,,,,  
,,,,,,  
,,,,,,  
,,,,,,  
,,,,,,  
,,,,,,  
,,,,,,  
,,,,,,  
,,,,,,  
,,,,,,  
,,,,,,  
,,,,,,  
,,,,,,  
,,,,,,  
,,,,,,  
,,,,,,  
,,,,,,  
,,,,,,  
,,,,,,  
,,,,,,  
,,,,,,  
,,,,,,  
,,,,,,  
,,,,,,  
,,,,,,  
,,,,,,  
,,,,,,  
,,,,,,  
,,,,,,  
,,,,,,  
,,,,,,  
,,,,,,  
,,,,,,  
,,,,,,  
,,,,,,  
,,,,,,  
,,,,,,  
,,,,,,  
,,,,,,  
,,,,,,  
,,,,,,  
,,,,,,  
,,,,,,  
,,,,,,  
,,,,,,  
,,,,,,  
,,,,,,  
,,,,,,  
,,,,,,  
,,,,,,  
,,,,,,  
,,,,,,  
,,,,,,  
,,,,,,  
,,,,,,  
,,,,,,  
,,,,,,  
,,,,,,  
,,,,,,  
,,,,,,  
,,,,,,  
,,,,,,  
,,,,,,  
,,,,,,  
,,,,,,  
,,,,,,  
,,,,,,  
,,,,,,  
,,,,,,  
,,,,,,  
,,,,,,  
,,,,,,  
,,,,,,  
,,,,,,  
,,,,,,  
,,,,,,  
,,,,,,  
,,,,,,  
,,,,,,  
,,,,,,  
,,,,,,  
,,,,,,  
,,,,,,  
,,,,,,  
,,,,,,  
,,,,,,  
,,,,,,  
,,,,,,  
,,,,,,  
,,,,,,  
,,,,,,  
,,,,,,  
,,,,,,  
,,,,,,  
,,,,,,  
,,,,,,  
,,,,,,  
,,,,,,  
,,,,,,  
,,,,,,  
,,,,,,  
,,,,,,  
,,,,,,  
,,,,,,  
,,,,,,  
,,,,,,  
,,,,,,  
,,,,,,  
,,,,,,  
,,,,,,  
,,,,,,  
,,,,,,  
,,,,,,  
,,,,,,  
,,,,,,  
,,,,,,  
,,,,,,  
,,,,,,  
,,,,,,  
,,,,,,  
,,,,,,  
,,,,,,  
,,,,,,  
,,,,,,  
,,,,,,  
,,,,,,  
,,,,,,  
,,,,,,  
,,,,,,  
,,,,,,  
,,,,,,  
,,,,,,  
,,,,,,  
,,,,,,  
,,,,,,  
,,,,,,  
,,,,,,  
,,,,,,  
,,,,,,  
,,,,,,  
,,,,,,  
,,,,,,  
,,,,,,  
,,,,,,  
,,,,,,  
,,,,,,  
,,,,,,  
,,,,,,  
,,,,,,  
,,,,,,  
,,,,,,  
,,,,,,  
,,,,,,  
,,,,,,  
,,,,,,  
,,,,,,  
,,,,,,  
,,,,,,  
,,,,,,  
,,,,,,  
,,,,,,  
,,,,,,  
,,,,,,  
,,,,,,  
,,,,,,  
,,,,,,  
,,,,,,  
,,,,,,  
,,,,,,  
,,,,,,  
,,,,,,  
,,,,,,  
,,,,,,  
,,,,,,  
,,,,,,  
,,,,,,  
,,,,,,  
,,,,,,  
,,,,,,  
,,,,,,  
,,,,,,  
,,,,,,  
,,,,,,  
,,,,,,  
,,,,,,  
,,,,,,  
,,,,,,  
,,,,,,  
,,,,,,  
,,,,,,  
,,,,,,  
,,,,,,  
,,,,,,  
,,,,,,  
,,,,,,  
,,,,,,  
,,,,,,  
,,,,,,  
,,,,,,  
,,,,,,  
,,,,,,  
,,,,,,  
,,,,,,  
,,,,,,  
,,,,,,  
,,,,,,  
,,,,,,  
,,,,,,  
,,,,,,  
,,,,,,  
,,,,,,  
,,,,,,  
,,,,,,  
,,,,,,  
,,,,,,  
,,,,,,  
,,,,,,  
,,,,,,  
,,,,,,  
,,,,,,  
,,,,,,  
,,,,,,  
,,,,,,  
,,,,,,  
,,,,,,  
,,,,,,  
,,,,,,  
,,,,,,  
,,,,,,  
,,,,,,  
,,,,,,  
,,,,,,  
,,,,,,  
,,,,,,  
,,,,,,  
,,,,,,  
,,,,,,  
,,,,,,  
,,,,,,  
,,,,,,  
,,,,,,  
,,,,,,  
,,,,,,  
,,,,,,  
,,,,,,  
,,,,,,  
,,,,,,  
,,,,,,  
,,,,,,  
,,,,,,  
,,,,,,  
,,,,,,  
,,,,,,  
,,,,,,  
,,,,,,  
,,,,,,  
,,,,,,  
,,,,,,  
,,,,,,  
,,,,,,  
,,,,,,  
,,,,,,  
,,,,,,  
,,,,,,  
,,,,,,  
,,,,,,  
,,,,,,  
,,,,,,  
,,,,,,  
,,,,,,  
,,,,,,  
,,,,,,  
,,,,,,  
,,,,,,  
,,,,,,  
,,,,,,  
,,,,,,  
,,,,,,  
,,,,,,  
,,,,,,  
,,,,,,  
,,,,,,  
,,,,,,  
,,,,,,  
,,,,,,  
,,,,,,  
,,,,,,  
,,,,,,  
,,,,,,  
,,,,,,  
,,,,,,  
,,,,,,  
,,,,,,  
,,,,,,  
,,,,,,  
,,,,,,  
,,,,,,  
,,,,,,  
,,,,,,  
,,,,,,  
,,,,,,  
,,,,,,  
,,,,,,  
,,,,,,  
,,,,,,  
,,,,,,  
,,,,,,  
,,,,,,  
,,,,,,  
,,,,,,  
,,,,,,  
,,,,,,  
,,,,,,  
,,,,,,  
,,,,,,  
,,,,,,  
,,,,,,  
,,,,,,  
,,,,,,  
,,,,,,  
,,,,,,  
,,,,,,  
,,,,,,  
,,,,,,  
,,,,,,  
,,,,,,  
,,,,,,  
,,,,,,  
,,,,,,  
,,,,,,  
,,,,,,  
,,,,,,  
,,,,,,  
,,,,,,  
,,,,,,  
,,,,,,  
,,,,,,  
,,,,,,  
,,,,,,  
,,,,,,  
,,,,,,  
,,,,,,  
,,,,,,  
,,,,,,  
,,,,,,  
,,,,,,  
,,,,,,  
,,,,,,  
,,,,,,  
,,,,,,  
,,,,,,  
,,,,,,  
,,,,,,  
,,,,,,  
,,,,,,  
,,,,,,  
,,,,,,  
,,,,,,  
,,,,,,  
,,,,,,  
,,,,,,  
,,,,,,  
,,,,,,  
,,,,,,  
,,,,,,  
,,,,,,  
,,,,,,  
,,,,,,  
,,,,,,  
,,,,,,  
,,,,,,  
,,,,,,  
,,,,,,  
,,,,,,  
,,,,,,  
,,,,,,  
,,,,,,  
,,,,,,  
,,,,,,  
,,,,,,  
,,,,,,  
,,,,,,  
,,,,,,  
,,,,,,  
,,,,,,  
,,,,,,  
,,,,,,  
,,,,,,  
,,,,,,  
,,,,,,  
,,,,,,  
,,,,,,  
,,,,,,  
,,,,,,  
,,,,,,  
,,,,,,  
,,,,,,  
,,,,,,  
,,,,,,  
,,,,,,  
,,,,,,  
,,,,,,  
,,,,,,  
,,,,,,  
,,,,,,  
,,,,,,  
,,,,,,  
,,,,,,  
,,,,,,  
,,,,,,  
,,,,,,  
,,,,,,  
,,,,,,  
,,,,,,  
,,,,,,  
,,,,,,  
,,,,,,  
,,,,,,  
,,,,,,  
,,,,,,  
,,,,,,  
,,,,,,  
,,,,,,  
,,,,,,  
,,,,,,  
,,,,,,  
,,,,,,  
,,,,,,  
,,,,,,  
,,,,,,  
,,,,,,  
,,,,,,  
,,,,,,  
,,,,,,  
,,,,,,  
,,,,,,  
,,,,,,  
,,,,,,  
,,,,,,  
,,,,,,  
,,,,,,  
,,,,,,  
,,,,,,  
,,,,,,  
,,,,,,  
,,,,,,  
,,,,,,  
,,,,,,  
,,,,,,  
,,,,,,  
,,,,,,  
,,,,,,  
,,,,,,  
,,,,,,  
,,,,,,  
,,,,,,  
,,,,,,  
,,,,,,  
,,,,,,  
,,,,,,  
,,,,,,  
,,,,,,  
,,,,,,  
,,,,,,  
,,,,,,  
,,,,,,  
,,,,,,  
,,,,,,  
,,,,,,  
,,,,,,  
,,,,,,  
,,,,,,  
,,,,,,  
,,,,,,  
,,,,,,  
,,,,,,  
,,,,,,  
,,,,,,  
,,,,,,  
,,,,,,  
,,,,,,  
,,,,,,  
,,,,,,  
,,,,,,  
,,,,,,  
,,,,,,  
,,,,,,  
,,,,,,  
,,,,,,  
,,,,,,  
,,,,,,  
,,,,,,  
,,,,,,  
,,,,,,  
,,,,,,  
,,,,,,  
,,,,,,  
,,,,,,  
,,,,,,  
,,,,,,  
,,,,,,  
,,,,,,  
,,,,,,  
,,,,,,  
,,,,,,  
,,,,,,  
,,,,,,  
,,,,,,  
,,,,,,  
,,,,,,  
,,,,,,  
,,,,,,  
,,,,,,  
,,,,,,  
,,,,,,  
,,,,,,  
,,,,,,  
,,,,,,  
,,,,,,  
,,,,,,  
,,,,,,  
,,,,,,  
,,,,,,  
,,,,,,  
,,,,,,  
,,,,,,  
,,,,,,  
,,,,,,  
,,,,,,  
,,,,,,  
,,,,,,  
,,,,,,  
,,,,,,  
,,,,,,  
,,,,,,  
,,,,,,  
,,,,,,  
,,,,,,  
,,,,,,  
,,,,,,  
,,,,,,  
,,,,,,  
,,,,,,  
,,,,,,  
,,,,,,  
,,,,,,  
,,,,,,  
,,,,,,  
,,,,,,  
,,,,,,  
,,,,,,  
,,,,,,  
,,,,,,  
,,,,,,  
,,,,,,  
,,,,,,  
,,,,,,  
,,,,,,  
,,,,,,  
,,,,,,  
,,,,,,  
,,,,,,  
,,,,,,  
,,,,,,  
,,,,,,  
,,,,,,  
,,,,,,  
,,,,,,  
,,,,,,  
,,,,,,  
,,,,,,  
,,,,,,  
,,,,,,  
,,,,,,  
,,,,,,  
,,,,,,  
,,,,,,  
,,,,,,  
,,,,,,  
,,,,,,  
,,,,,,  
,,,,,,  
,,,,,,  
,,,,,,  
,,,,,,  
,,,,,,  
,,,,,,  
,,,,,,  
,,,,,,  
,,,,,,  
,,,,,,  
,,,,,,  
,,,,,,  
,,,,,,  
,,,,,,  
,,,,,,  
,,,,,,  
,,,,,,  
,,,,,,  
,,,,,,  
,,,,,,  
,,,,,,  
,,,,,,  
,,,,,,  
,,,,,,  
,,,,,,  
,,,,,,  
,,,,,,  
,,,,,,  
,,,,,,  
,,,,,,  
,,,,,,  
,,,,,,  
,,,,,,  
,,,,,,  
,,,,,,  
,,,,,,  
,,,,,,  
,,,,,,  
,,,,,,  
,,,,,,  
,,,,,,  
,,,,,,  
,,,,,,  
,,,,,,  
,,,,,,  
,,,,,,  
,,,,,,  
,,,,,,  
,,,,,,  
,,,,,,  
,,,,,,  
,,,,,,  
,,,,,,  
,,,,,,  
,,,,,,  
,,,,,,  
,,,,,,  
,,,,,,  
,,,,,,  
,,,,,,  
,,,,,,  
,,,,,,  
,,,,,,  
,,,,,,  
,,,,,,  
,,,,,,  
,,,,,,  
,,,,,,  
,,,,,,  
,,,,,,  
,,,,,,  
,,,,,,  
,,,,,,  
,,,,,,  
,,,,,,  
,,,,,,  
,,,,,,  
,,,,,,  
,,,,,,  
,,,,,,  
,,,,,,  
,,,,,,  
,,,,,,  
,,,,,,  
,,,,,,  
,,,,,,  
,,,,,,  
,,,,,,  
,,,,,,  
,,,,,,  
,,,,,,  
,,,,,,  
,,,,,,  
,,,,,,  
,,,,,,  
,,,,,,  
,,,,,,  
,,,,,,  
,,,,,,  
,,,,,,  
,,,,,,  
,,,,,,  
,,,,,,  
,,,,,,  
,,,,,,  
,,,,,,  
,,,,,,  
,,,,,,  
,,,,,,  
,,,,,,  
,,,,,,  
,,,,,,  
,,,,,,  
,,,,,,  
,,,,,,  
,,,,,,  
,,,,,,  
,,,,,,  
,,,,,,  
,,,,,,  
,,,,,,  
,,,,,,  
,,,,,,  
,,,,,,  
,,,,,,  
,,,,,,  
,,,,,,  
,,,,,,  
,,,,,,  
,,,,,,  
,,,,,,  
,,,,,,  
,,,,,,  
,,,,,,  
,,,,,,  
,,,,,,  
,,,,,,  
,,,,,,  
,,,,,,  
,,,,,,  
,,,,,,  
,,,,,,  
,,,,,,  
,,,,,,  
,,,,,,  
,,,,,,  
,,,,,,  
,,,,,,  
,,,,,,  
,,,,,,  
,,,,,,  
,,,,,,  
,,,,,,  
,,,,,,  
,,,,,,  
,,,,,,  
,,,,,,  
,,,,,,  
,,,,,,  
,,,,,,  
,,,,,,  
,,,,,,  
,,,,,,  
,,,,,,  
,,,,,,  
,,,,,,  
,,,,,,  
,,,,,,  
,,,,,,  
,,,,,,  
,,,,,,  
,,,,,,  
,,,,,,  
,,,,,,  
,,,,,,  
,,,,,,  
,,,,,,  
,,,,,,  
,,,,,,  
,,,,,,  
,,,,,,  
,,,,,,  
,,,,,,  
,,,,,,  
,,,,,,  
,,,,,,  
,,,,,,  
,,,,,,  
,,,,,,  
,,,,,,  
,,,,,,  
,,,,,,  
,,,,,,  
,,,,,,  
,,,,,,  
,,,,,,  
,,,,,,  
,,,,,,  
,,,,,,  
,,,,,,  
,,,,,,  
,,,,,,  
,,,,,,  
,,,,,,  
,,,,,,  
,,,,,,  
,,,,,,  
,,,,,,  
,,,,,,  
,,,,,,  
,,,,,,  
,,,,,,  
,,,,,,  
,,,,,,  
,,,,,,  
,,,,,,  
,,,,,,  
,,,,,,  
,,,,,,  
,,,,,,  
,,,,,,  
,,,,,,  
,,,,,,  
,,,,,,  
,,,,,,  
,,,,,,  
,,,,,,  
,,,,,,  
,,,,,,  
,,,,,,  
,,,,,,  
,,,,,,  
,,,,,,  
,,,,,,  
,,,,,,  
,,,,,,  
,,,,,,  
,,,,,,  
,,,,,,  
,,,,,,  
,,,,,,  
,,,,,,  
,,,,,,  
,,,,,,  
,,,,,,  
,,,,,,  
,,,,,,  
,,,,,,  
,,,,,,  
,,,,,,  
,,,,,,  
,,,,,,  
,,,,,,  
,,,,,,  
,,,,,,  
,,,,,,  
,,,,,,  
,,,,,,  
,,,,,,  
,,,,,,  
,,,,,,  
,,,,,,  
,,,,,,  
,,,,,,  
,,,,,,  
,,,,,,  
,,,,,,  
,,,,,,  
,,,,,,  
,,,,,,  
,,,,,,  
,,,,,,  
,,,,,,  
,,,,,,  
,,,,,,  
,,,,,,  
,,,,,,  
,,,,,,  
,,,,,,  
,,,,,,  
,,,,,,  
,,,,,,  
,,,,,,  
,,,,,,  
,,,,,,  
,,,,,,  
,,,,,,  
,,,,,,  
,,,,,,  
,,,,,,  
,,,,,,  
,,,,,,  
,,,,,,  
,,,,,,  
,,,,,,  
,,,,,,  
,,,,,,  
,,,,,,  
,,,,,,  
,,,,,,  
,,,,,,  
,,,,,,  
,,,,,,  
,,,,,,  
,,,,,,  
,,,,,,  
,,,,,,  
,,,,,,  
,,,,,,  
,,,,,,  
,,,,,,  
,,,,,,  
,,,,,,  
,,,,,,  
,,,,,,  
,,,,,,  
,,,,,,  
,,,,,,  
,,,,,,  
,,,,,,  
,,,,,,  
,,,,,,  
,,,,,,  
,,,,,,  
,,,,,,  
,,,,,,  
,,,,,,  
,,,,,,  
,,,,,,  
,,,,,,  
,,,,,,  
,,,,,,  
,,,,,,  
,,,,,,  
,,,,,,  
,,,,,,  
,,,,,,  
,,,,,,  
,,,,,,  
,,,,,,  
,,,,,,  
,,,,,,  
,,,,,,  
,,,,,,  
,,,,,,  
,,,,,,  
,,,,,,  
,,,,,,  
,,,,,,  
,,,,,,  
,,,,,,  
,,,,,,  
,,,,,,  
,,,,,,  
,,,,,,  
,,,,,,  
,,,,,,  
,,,,,,  
,,,,,,  
,,,,,,  
,,,,,,  
,,,,,,  
,,,,,,  
,,,,,,  
,,,,,,  
,,,,,,  
,,,,,,  
,,,,,,  
,,,,,,  
,,,,,,  
,,,,,,  
,,,,,,  
,,,,,,  
,,,,,,  
,,,,,,  
,,,,,,  
,,,,,,  
,,,,,,  
,,,,,,  
,,,,,,  
,,,,,,  
,,,,,,  
,,,,,,  
,,,,,,  
,,,,,,  
,,,,,,  
,,,,,,  
,,,,,,  
,,,,,,  
,,,,,,  
,,,,,,  
,,,,,,  
,,,,,,  
,,,,,,  
,,,,,,  
,,,,,,  
,,,,,,  
,,,,,,  
,,,,,,  
,,,,,,  
,,,,,,  
,,,,,,  
,,,,,,  
,,,,,,  
,,,,,,  
,,,,,,  
,,,,,,  
,,,,,,  
,,,,,,  
,,,,,,  
,,,,,,  
,,,,,,  
,,,,,,  
,,,,,,  
,,,,,,  
,,,,,,  
,,,,,,  
,,,,,,  
,,,,,,  
,,,,,,  
,,,,,,  
,,,,,,  
,,,,,,  
,,,,,,  
,,,,,,  
,,,,,,  
,,,,,,  
,,,,,,  
,,,,,,  
,,,,,,  
,,,,,,  
,,,,,,  
,,,,,,  
,,,,,,  
,,,,,,  
,,,,,,  
,,,,,,  
,,,,,,  
,,,,,,  
,,,,,,  
,,,,,,  
,,,,,,  
,,,,,,  
,,,,,,  
,,,,,,  
,,,,,,  
,,,,,,  
,,,,,,  
,,,,,,  
,,,,,,  
,,,,,,  
,,,,,,  
,,,,,,  
,,,,,,  
,,,,,,  
,,,,,,  
,,,,,,  
,,,,,,  
,,,,,,  
,,,,,,  
,,,,,,  
,,,,,,  
,,,,,,  
,,,,,,  
,,,,,,  
,,,,,,  
,,,,,,  
,,,,,,  
,,,,,,  
,,,,,,  
,,,,,,  
,,,,,,  
,,,,,,  
,,,,,,  
,,,,,,  
,,,,,,  
,,,,,,  
,,,,,,  
,,,,,,  
,,,,,,  
,,,,,,  
,,,,,,  
,,,,,,  
,,,,,,  
,,,,,,  
,,,,,,  
,,,,,,  
,,,,,,  
,,,,,,  
,,,,,,  
,,,,,,  
,,,,,,  
,,,,,,  
,,,,,,  
,,,,,,  
,,,,,,  
,,,,,,  
,,,,,,  
,,,,,,  
,,,,,,  
,,,,,,  
,,,,,,  
,,,,,,  
,,,,,,  
,,,,,,  
,,,,,,  
,,,,,,  
,,,,,,  
,,,,,,  
,,,,,,  
,,,,,,  
,,,,,,  
,,,,,,  
,,,,,,  
,,,,,,  
,,,,,,  
,,,,,,  
,,,,,,  
,,,,,,  
,,,,,,  
,,,,,,  
,,,,,,  
,,,,,,  
,,,,,,  
,,,,,,  
,,,,,,  
,,,,,,  
,,,,,,  
,,,,,,  
,,,,,,  
,,,,,,  
,,,,,,  
,,,,,,  
,,,,,,  
,,,,,,  
,,,,,,  
,,,,,,  
,,,,,,  
,,,,,,  
,,,,,,  
,,,,,,  
,,,,,,  
,,,,,,  
,,,,,,  
,,,,,,  
,,,,,,  
,,,,,,  
,,,,,,  
,,,,,,  
,,,,,,  
,,,,,,  
,,,,,,  
,,,,,,  
,,,,,,  
,,,,,,  
,,,,,,  
,,,,,,  
,,,,,,  
,,,,,,  
,,,,,,  
,,,,,,  
,,,,,,  
,,,,,,  
,,,,,,  
,,,,,,  
,,,,,,  
,,,,,,  
,,,,,,  
,,,,,,  
,,,,,,  
,,,,,,  
,,,,,,  
,,,,,,  
,,,,,,  
,,,,,,  
,,,,,,  
,,,,,,  
,,,,,,  
,,,,,,  
,,,,,,  
,,,,,,  
,,,,,,  
,,,,,,  
,,,,,,  
,,,,,,  
,,,,,,  
,,,,,,  
,,,,,,  
,,,,,,  
,,,,,,  
,,,,,,  
,,,,,,  
,,,,,,  
,,,,,,  
,,,,,,  
,,,,,,  
,,,,,,  
,,,,,,  
,,,,,,  
,,,,,,  
,,,,,,  
,,,,,,  
,,,,,,  
,,,,,,  
,,,,,,  
,,,,,,  
,,,,,,  
,,,,,,  
,,,,,,  
,,,,,,  
,,,,,,  
,,,,,,  
,,,,,,  
,,,,,,  
,,,,,,  
,,,,,,  
,,,,,,  
,,,,,,  
,,,,,,  
,,,,,,  
,,,,,,  
,,,,,,  
,,,,,,  
,,,,,,  
,,,,,,  
,,,,,,  
,,,,,,  
,,,,,,  
,,,,,,  
,,,,,,  
,,,,,,  
,,,,,,  
,,,,,,  
,,,,,,  
,,,,,,  
,,,,,,  
,,,,,,  
,,,,,,  
,,,,,,  
,,,,,,  
,,,,,,  
,,,,,,  
,,,,,,  
,,,,,,  
,,,,,,  
,,,,,,  
,,,,,,  
,,,,,,  
,,,,,,  
,,,,,,  
,,,,,,  
,,,,,,  
,,,,,,  
,,,,,,  
,,,,,,  
,,,,,,  
,,,,,,  
,,,,,,  
,,,,,,  
,,,,,,  
,,,,,,  
,,,,,,  
,,,,,,  
,,,,,,  
,,,,,,  
,,,,,,  
,,,,,,  
,,,,,,  
,,,,,,  
,,,,,,  
,,,,,,  
,,,,,,  
,,,,,,  
,,,,,,  
,,,,,,  
,,,,,,  
,,,,,,  
,,,,,,  
,,,,,,  
,,,,,,  
,,,,,,  
,,,,,,  
,,,,,,  
,,,,,,  
,,,,,,  
,,,,,,  
,,,,,,  
,,,,,,  
,,,,,,  
,,,,,,  
,,,,,,  
,,,,,,  
,,,,,,  
,,,,,,  
,,,,,,  
,,,,,,  
,,,,,,  
,,,,,,  
,,,,,,  
,,,,,,  
,,,,,,  
,,,,,,  
,,,,,,  
,,,,,,  
,,,,,,  
,,,,,,  
,,,,,,  
,,,,,,  
,,,,,,  
,,,,,,  
,,,,,,  
,,,,,,  
,,,,,,  
,,,,,,  
,,,,,,  
,,,,,,  
,,,,,,  
,,,,,,  
,,,,,,  
,,,,,,  
,,,,,,  
,,,,,,  
,,,,,,  
,,,,,,  
,,,,,,  
,,,,,,  
,,,,,,  
,,,,,,  
,,,,,,  
,,,,,,  
,,,,,,  
,,,,,,  
,,,,,,  
,,,,,,  
,,,,,,  
,,,,,,  
,,,,,,  
,,,,,,  
,,,,,,  
,,,,,,  
,,,,,,  
,,,,,,  
,,,,,,  
,,,,,,  
,,,,,,  
,,,,,,  
,,,,,,  
,,,,,,  
,,,,,,  
,,,,,,  
,,,,,,  
,,,,,,  
,,,,,,  
,,,,,,  
,,,,,,  
,,,,,,  
,,,,,,  
,,,,,,  
,,,,,,  
,,,,,,  
,,,,,,  
,,,,,,  
,,,,,,  
,,,,,,  
,,,,,,  
,,,,,,  
,,,,,,  
,,,,,,  
,,,,,,  
,,,,,,  
,,,,,,  
,,,,,,  
,,,,,,  
,,,,,,  
,,,,,,  
,,,,,,  
,,,,,,  
,,,,,,  
,,,,,,  
,,,,,,  
,,,,,,  
,,,,,,  
,,,,,,  
,,,,,,  
,,,,,,  
,,,,,,  
,,,,,,  
,,,,,,  
,,,,,,  
,,,,,,  
,,,,,,  
,,,,,,  
,,,,,,  
,,,,,,  
,,,,,,  
,,,,,,  
,,,,,,  
,,,,,,  
,,,,,,  
,,,,,,  
,,,,,,  
,,,,,,  
,,,,,,  
,,,,,,  
,,,,,,  
,,,,,,  
,,,,,,  
,,,,,,  
,,,,,,  
,,,,,,  
,,,,,,  
,,,,,,  
,,,,,,  
,,,,,,  
,,,,,,  
,,,,,,  
,,,,,,  
,,,,,,  
,,,,,,  
,,,,,,  
,,,,,,  
,,,,,,  
,,,,,,  
,,,,,,  
,,,,,,  
,,,,,,  
,,,,,,  
,,,,,,  
,,,,,,  
,,,,,,  
,,,,,,  
,,,,,,  
,,,,,,  
,,,,,,  
,,,,,,  
,,,,,,  
,,,,,,  
,,,,,,  
,,,,,,  
,,,,,,  
,,,,,,  
,,,,,,  
,,,,,,  
,,,,,,  
,,,,,,  
,,,,,,  
,,,,,,  
,,,,,,  
,,,,,,  
,,,,,,  
,,,,,,  
,,,,,,  
,,,,,,  
,,,,,,  
,,,,,,  
,,,,,,  
,,,,,,  
,,,,,,  
,,,,,,  
,,,,,,  
,,,,,,  
,,,,,,  
,,,,,,  
,,,,,,  
,,,,,,  
,,,,,,  
,,,,,,  
,,,,,,  
,,,,,,  
,,,,,,  
,,,,,,  
,,,,,,  
,,,,,,  
,,,,,,  
,,,,,,  
,,,,,,  
,,,,,,  
,,,,,,  
,,,,,,  
,,,,,,  
,,,,,,  
,,,,,,  
,,,,,,  
,,,,,,  
,,,,,,  
,,,,,,  
,,,,,,  
,,,,,,  
,,,,,,  
,,,,,,  
,,,,,,  
,,,,,,  
,,,,,,  
,,,,,,  
,,,,,,  
,,,,,,  
,,,,,,  
,,,,,,  
,,,,,,  
,,,,,,  
,,,,,,  
,,,,,,  
,,,,,,  
,,,,,,  
,,,,,,  
,,,,,,  
,,,,,,  
,,,,,,  
,,,,,,  
,,,,,,  
,,,,,,  
,,,,,,  
,,,,,,  
,,,,,,  
,,,,,,  
,,,,,,  
,,,,,,  
,,,,,,  
,,,,,,  
,,,,,,  
,,,,,,  
,,,,,,  
,,,,,,  
,,,,,,  
,,,,,,  
,,,,,,  
,,,,,,  
,,,,,,  
,,,,,,  
,,,,,,  
,,,,,,  
,,,,,,  
,,,,,,  
,,,,,,  
,,,,,,  
,,,,,,  
,,,,,,  
,,,,,,  
,,,,,,  
,,,,,,  
,,,,,,  
,,,,,,  
,,,,,,  
,,,,,,  
,,,,,,  
,,,,,,  
,,,,,,  
,,,,,,  
,,,,,,  
,,,,,,  
,,,,,,  
,,,,,,  
,,,,,,  
,,,,,,  
,,,,,,  
,,,,,,  
,,,,,,  
,,,,,,  
,,,,,,  
,,,,,,  
,,,,,,  
,,,,,,  
,,,,,,  
,,,,,,  
,,,,,,  
,,,,,,  
,,,,,,  
,,,,,,  
,,,,,,  
,,,,,,  
,,,,,,  
,,,,,,  
,,,,,,  
,,,,,,  
,,,,,,  
,,,,,,  
,,,,,,  
,,,,,,  
,,,,,,  
,,,,,,  
,,,,,,  
,,,,,,  
,,,,,,  
,,,,,,  
,,,,,,  
,,,,,,  
,,,,,,  
,,,,,,  
,,,,,,  
,,,,,,  
,,,,,,  
,,,,,,  
,,,,,,  
,,,,,,  
,,,,,,  
,,,,,,  
,,,,,,  
,,,,,,  
,,,,,,  
,,,,,,  
,,,,,,  
,,,,,,  
,,,,,,  
,,,,,,  
,,,,,,  
,,,,,,  
,,,,,,  
,,,,,,  
,,,,,,  
,,,,,,  
,,,,,,  
,,,,,,  
,,,,,,  
,,,,,,  
,,,,,,  
,,,,,,  
,,,,,,  
,,,,,,  
,,,,,,  
,,,,,,  
,,,,,,  
,,,,,,  
,,,,,,  
,,,,,,  
,,,,,,  
,,,,,,  
,,,,,,  
,,,,,,  
,,,,,,  
,,,,,,  
,,,,,,  
,,,,,,  
,,,,,,  
,,,,,,  
,,,,,,  
,,,,,,  
,,,,,,  
,,,,,,  
,,,,,,  
,,,,,,  
,,,,,,  
,,,,,,  
,,,,,,  
,,,,,,  
,,,,,,  
,,,,,,  
,,,,,,  
,,,,,,  
,,,,,,  
,,,,,,  
,,,,,,  
,,,,,,  
,,,,,,  
,,,,,,  
,,,,,,  
,,,,,,  
,,,,,,  
,,,,,,  
,,,,,,  
,,,,,,  
,,,,,,  
,,,,,,  
,,,,,,  
,,,,,,  
,,,,,,  
,,,,,,  
,,,,,,  
,,,,,,  
,,,,,,  
,,,,,,  
,,,,,,  
,,,,,,  
,,,,,,  
,,,,,,  
,,,,,,  
,,,,,,  
,,,,,,  
,,,,,,  
,,,,,,  
,,,,,,  
,,,,,,  
,,,,,,  
,,,,,,  
,,,,,,  
,,,,,,  
,,,,,,  
,,,,,,  
,,,,,,  
,,,,,,  
,,,,,,  
,,,,,,  
,,,,,,  
,,,,,,  
,,,,,,  
,,,,,,  
,,,,,,  
,,,,,,  
,,,,,,  
,,,,,,  
,,,,,,  
,,,,,,  
,,,,,,  
,,,,,,  
,,,,,,  
,,,,,,  
,,,,,,  
,,,,,,  
,,,,,,  
,,,,,,  
,,,,,,  
,,,,,,  
,,,,,,  
,,,,,,  
,,,,,,  
,,,,,,  
,,,,,,  
,,,,,,  
,,,,,,  
,,,,,,  
,,,,,,  
,,,,,,  
,,,,,,  
,,,,,,  
,,,,,,  
,,,,,,  
,,,,,,  
,,,,,,  
,,,,,,  
,,,,,,  
,,,,,,  
,,,,,,  
,,,,,,  
,,,,,,  
,,,,,,  
,,,,,,  
,,,,,,  
,,,,,,  
,,,,,,  
,,,,,,  
,,,,,,  
,,,,,,  
,,,,,,  
,,,,,,  
,,,,,,  
,,,,,,  
,,,,,,  
,,,,,,  
,,,,,,  
,,,,,,  
,,,,,,  
,,,,,,  
,,,,,,  
,,,,,,  
,,,,,,  
,,,,,,  
,,,,,,  
,,,,,,  
,,,,,,  
,,,,,,  
,,,,,,  
,,,,,,  
,,,,,,  
,,,,,,  
,,,,,,  
,,,,,,  
,,,,,,  
,,,,,,  
,,,,,,  
,,,,,,  
,,,,,,  
,,,,,,  
,,,,,,  
,,,,,,  
,,,,,,  
,,,,,,  
,,,,,,  
,,,,,,  
,,,,,,  
,,,,,,  
,,,,,,  
,,,,,,  
,,,,,,  
,,,,,,  
,,,,,,  
,,,,,,  
,,,,,,  
,,,,,,  
,,,,,,  
,,,,,,  
,,,,,,  
,,,,,,  
,,,,,,  
,,,,,,  
,,,,,,  
,,,,,,  
,,,,,,  
,,,,,,  
,,,,,,  
,,,,,,  
,,,,,,  
,,,,,,  
,,,,,,  
,,,,,,  
,,,,,,  
,,,,,,  
,,,,,,  
,,,,,,  
,,,,,,  
,,,,,,  
,,,,,,  
,,,,,,  
,,,,,,  
,,,,,,  
,,,,,,  
,,,,,,  
,,,,,,  
,,,,,,  
,,,,,,  
,,,,,,  
,,,,,,  
,,,,,,  
,,,,,,  
,,,,,,  
,,,,,,  
,,,,,,  
,,,,,,  
,,,,,,  
,,,,,,  
,,,,,,  
,,,,,,  
,,,,,,  
,,,,,,  
,,,,,,  
,,,,,,  
,,,,,,  
,,,,,,  
,,,,,,  
,,,,,,  
,,,,,,  
,,,,,,  
,,,,,,  
,,,,,,  
,,,,,,  
,,,,,,  
,,,,,,  
,,,,,,  
,,,,,,  
,,,,,,  
,,,,,,  
,,,,,,  
,,,,,,  
,,,,,,  
,,,,,,  
,,,,,,  
,,,,,,  
,,,,,,  
,,,,,,  
,,,,,,  
,,,,,,  
,,,,,,  
,,,,,,  
,,,,,,  
,,,,,,  
,,,,,,  
,,,,,,  
,,,,,,  
,,,,,,  
,,,,,,  
,,,,,,  
,,,,,,  
,,,,,,  
,,,,,,  
,,,,,,  
,,,,,,  
,,,,,,  
,,,,,,  
,,,,,,  
,,,,,,  
,,,,,,  
,,,,,,  
,,,,,,  
,,,,,,  
,,,,,,  
,,,,,,  
,,,,,,  
,,,,,,  
,,,,,,  
,,,,,,  
,,,,,,  
,,,,,,  
,,,,,,  
,,,,,,  
,,,,,,  
,,,,,,  
,,,,,,  
,,,,,,  
,,,,,,  
,,,,,,  
,,,,,,  
,,,,,,  
,,,,,,  
,,,,,,  
,,,,,,  
,,,,,,  
,,,,,,  
,,,,,,  
,,,,,,  
,,,,,,  
,,,,,,  
,,,,,,  
,,,,,,  
,,,,,,  
,,,,,,  
,,,,,,  
,,,,,,  
,,,,,,  
,,,,,,  
,,,,,,  
,,,,,,  
,,,,,,  
,,,,,,  
,,,,,,  
,,,,,,  
,,,,,,  
,,,,,,  
,,,,,,  
,,,,,,  
,,,,,,  
,,,,,,  
,,,,,,  
,,,,,,  
,,,,,,  
,,,,,,  
,,,,,,  
,,,,,,  
,,,,,,  
,,,,,,  
,,,,,,  
,,,,,,  
,,,,,,  
,,,,,,  
,,,,,,  
,,,,,,  
,,,,,,  
,,,,,,  
,,,,,,  
,,,,,,  
,,,,,,  
,,,,,,  
,,,,,,  
,,,,,,  
,,,,,,  
,,,,,,  
,,,,,,  
,,,,,,  
,,,,,,  
,,,,,,  
,,,,,,  
,,,,,,  
,,,,,,  
,,,,,,  
,,,,,,  
,,,,,,  
,,,,,,  
,,,,,,  
,,,,,,  
,,,,,,  
,,,,,,  
,,,,,,  
,,,,,,  
,,,,,,  
,,,,,,  
,,,,,,  
,,,,,,  
,,,,,,  
,,,,,,  
,,,,,,  
,,,,,,  
,,,,,,  
,,,,,,  
,,,,,,  
,,,,,,  
,,,,,,  
,,,,,,  
,,,,,,  
,,,,,,  
,,,,,,  
,,,,,,  
,,,,,,  
,,,,,,  
,,,,,,  
,,,,,,  
,,,,,,  
,,,,,,  
,,,,,,  
,,,,,,  
,,,,,,  
,,,,,,  
,,,,,,  
,,,,,,  
,,,,,,  
,,,,,,  
,,,,,,  
,,,,,,  
,,,,,,  
,,,,,,  
,,,,,,  
,,,,,,  
,,,,,,  
,,,,,,  
,,,,,,  
,,,,,,  
,,,,,,  
,,,,,,  
,,,,,,  
,,,,,,  
,,,,,,  
,,,,,,  
,,,,,,  
,,,,,,  
,,,,,,  
,,,,,,  
,,,,,,  
,,,,,,  
,,,,,,  
,,,,,,  
,,,,,,  
,,,,,,  
,,,,,,  
,,,,,,  
,,,,,,  
,,,,,,  
,,,,,,  
,,,,,,  
,,,,,,  
,,,,,,  
,,,,,,  
,,,,,,  
,,,,,,  
,,,,,,  
,,,,,,  
,,,,,,  
,,,,,,  
,,,,,,  
,,,,,,  
,,,,,,  
,,,,,,  
,,,,,,  
,,,,,,  
,,,,,,  
,,,,,,  
,,,,,,  
,,,,,,  
,,,,,,  
,,,,,,  
,,,,,,  
,,,,,,  
,,,,,,  
,,,,,,  
,,,,,,  
,,,,,,  
,,,,,,  
,,,,,,  
,,,,,,  
,,,,,,  
,,,,,,  
,,,,,,  
,,,,,,  
,,,,,,  
,,,,,,  
,,,,,,  
,,,,,,  
,,,,,,  
,,,,,,  
,,,,,,  
,,,,,,  
,,,,,,  
,,,,,,  
,,,,,,  
,,,,,,  
,,,,,,  
,,,,,,  
,,,,,,  
,,,,,,  
,,,,,,  
,,,,,,  
,,,,,,  
,,,,,,  
,,,,,,  
,,,,,,  
,,,,,,  
,,,,,,  
,,,,,,  
,,,,,,  
,,,,,,  
,,,,,,  
,,,,,,  
,,,,,,  
,,,,,,  
,,,,,,  
,,,,,,  
,,,,,,  
,,,,,,  
,,,,,,  
,,,,,,  
,,,,,,  
,,,,,,  
,,,,,,  
,,,,,,  
,,,,,,  
,,,,,,  
,,,,,,  
,,,,,,  
,,,,,,  
,,,,,,  
,,,,,,  
,,,,,,  
,,,,,,  
,,,,,,  
,,,,,,  
,,,,,,  
,,,,,,  
,,,,,,  
,,,,,,  
,,,,,,  
,,,,,,  
,,,,,,  
,,,,,,  
,,,,,,  
,,,,,,  
,,,,,,  
,,,,,,  
,,,,,,  
,,,,,,  
,,,,,,  
,,,,,,  
,,,,,,  
,,,,,,  
,,,,,,  
,,,,,,  
,,,,,,  
,,,,,,  
,,,,,,  
,,,,,,  
,,,,,,  
,,,,,,  
,,,,,,  
,,,,,,  
,,,,,,  
,,,,,,  
,,,,,,  
,,,,,,  
,,,,,,  
,,,,,,  
,,,,,,  
,,,,,,  
,,,,,,  
,,,,,,  
,,,,,,  
,,,,,,  
,,,,,,  
,,,,,,  
,,,,,,  
,,,,,,  
,,,,,,  
,,,,,,  
,,,,,,  
,,,,,,  
,,,,,,  
,,,,,,  
,,,,,,  
,,,,,,  
,,,,,,  
,,,,,,  
,,,,,,  
,,,,,,  
,,,,,,  
,,,,,,  
,,,,,,  
,,,,,,  
,,,,,,  
,,,,,,  
,,,,,,  
,,,,,,  
,,,,,,  
,,,,,,  
,,,,,,  
,,,,,,  
,,,,,,  
,,,,,,  
,,,,,,  
,,,,,,  
,,,,,,  
,,,,,,  
,,,,,,  
,,,,,,  
,,,,,,  
,,,,,,  
,,,,,,  
,,,,,,  
,,,,,,  
,,,,,,  
,,,,,,  
,,,,,,  
,,,,,,  
,,,,,,  
,,,,,,  
,,,,,,  
,,,,,,  
,,,,,,  
,,,,,,  
,,,,,,  
,,,,,,  
,,,,,,  
,,,,,,  
,,,,,,  
,,,,,,  
,,,,,,  
,,,,,,  
,,,,,,  
,,,,,,  
,,,,,,  
,,,,,,  
,,,,,,  
,,,,,,  
,,,,,,  
,,,,,,  
,,,,,,  
,,,,,,  
,,,,,,  
,,,,,,  
,,,,,,  
,,,,,,  
,,,,,,  
,,,,,,  
,,,,,,  
,,,,,,  
,,,,,,  
,,,,,,  
,,,,,,  
,,,,,,  
,,,,,,  
,,,,,,  
,,,,,,  
,,,,,,  
,,,,,,  
,,,,,,  
,,,,,,  
,,,,,,  
,,,,,,  
,,,,,,  
,,,,,,  
,,,,,,  
,,,,,,  
,,,,,,  
,,,,,,  
,,,,,,  
,,,,,,  
,,,,,,  
,,,,,,  
,,,,,,  
,,,,,,  
,,,,,,  
,,,,,,  
,,,,,,  
,,,,,,  
,,,,,,  
,,,,,,  
,,,,,,  
,,,,,,  
,,,,,,  
,,,,,,  
,,,,,,  
,,,,,,  
,,,,,,  
,,,,,,  
,,,,,,  
,,,,,,  
,,,,,,  
,,,,,,  
,,,,,,  
,,,,,,  
,,,,,,  
,,,,,,  
,,,,,,  
,,,,,,  
,,,,,,  
,,,,,,  
,,,,,,  
,,,,,,  
,,,,,,  
,,,,,,  
,,,,,,  
,,,,,,  
,,,,,,  
,,,,,,  
,,,,,,  
,,,,,,  
,,,,,,  
,,,,,,  
,,,,,,  
,,,,,,  
,,,,,,  
,,,,,,  
,,,,,,  
,,,,,,  
,,,,,,  
,,,,,,  
,,,,,,  
,,,,,,  
,,,,,,  
,,,,,,  
,,,,,,  
,,,,,,  
,,,,,,  
,,,,,,  
,,,,,,  
,,,,,,  
,,,,,,  
,,,,,,  
,,,,,,  
,,,,,,  
,,,,,,  
,,,,,,  
,,,,,,  
,,,,,,  
,,,,,,  
,,,,,,  
,,,,,,  
,,,,,,  
,,,,,,  
,,,,,,  
,,,,,,  
,,,,,,  
,,,,,,  
,,,,,,  
,,,,,,  
,,,,,,  
,,,,,,  
,,,,,,  
,,,,,,  
,,,,,,  
,,,,,,  
,,,,,,  
,,,,,,  
,,,,,,  
,,,,,,  
,,,,,,  
,,,,,,  
,,,,,,  
,,,,,,  
,,,,,,  
,,,,,,  
,,,,,,  
,,,,,,  
,,,,,,  
,,,,,,  
,,,,,,  
,,,,,,  
,,,,,,  
,,,,,,  
,,,,,,  
,,,,,,  
,,,,,,  
,,,,,,  
,,,,,,  
,,,,,,  
,,,,,,  
,,,,,,  
,,,,,,  
,,,,,,  
,,,,,,  
,,,,,,  
,,,,,,  
,,,,,,  
,,,,,,  
,,,,,,  
,,,,,,  
,,,,,,  
,,,,,,  
,,,,,,  
,,,,,,  
,,,,,,  
,,,,,,  
,,,,,,  
,,,,,,  
,,,,,,  
,,,,,,  
,,,,,,  
,,,,,,  
,,,,,,  
,,,,,,  
,,,,,,  
,,,,,,  
,,,,,,  
,,,,,,  
,,,,,,  
,,,,,,  
,,,,,,  
,,,,,,  
,,,,,,  
,,,,,,  
,,,,,,  
,,,,,,  
,,,,,,  
,,,,,,  
,,,,,,  
,,,,,,  
,,,,,,  
,,,,,,  
,,,,,,  
,,,,,,  
,,,,,,  
,,,,,,  
,,,,,,  
,,,,,,  
,,,,,,  
,,,,,,  
,,,,,,  
,,,,,,  
,,,,,,  
,,,,,,  
,,,,,,  
,,,,,,  
,,,,,,  
,,,,,,  
,,,,,,  
,,,,,,  
,,,,,,  
,,,,,,  
,,,,,,  
,,,,,,  
,,,,,,  
,,,,,,  
,,,,,,  
,,,,,,  
,,,,,,  
,,,,,,  
,,,,,,  
,,,,,,  
,,,,,,  
,,,,,,  
,,,,,,  
,,,,,,  
,,,,,,  
,,,,,,  
,,,,,,  
,,,,,,  
,,,,,,  
,,,,,,  
,,,,,,  
,,,,,,  
,,,,,,  
,,,,,,  
,,,,,,  
,,,,,,  
,,,,,,  
,,,,,,  
,,,,,,  
,,,,,,  
,,,,,,  
,,,,,,  
,,,,,,  
,,,,,,  
,,,,,,  
,,,,,,  
,,,,,,  
,,,,,,  
,,,,,,  
,,,,,,  
,,,,,,  
,,,,,,  
,,,,,,  
,,,,,,  
,,,,,,  
,,,,,,  
,,,,,,  
,,,,,,  
,,,,,,  
,,,,,,  
,,,,,,  
,,,,,,  
,,,,,,  
,,,,,,  
,,,,,,  
,,,,,,  
,,,,,,  
,,,,,,  
,,,,,,  
,,,,,,  
,,,,,,  
,,,,,,  
,,,,,,  
,,,,,,  
,,,,,,  
,,,,,,  
,,,,,,  
,,,,,,  
,,,,,,  
,,,,,,  
,,,,,,  
,,,,,,  
,,,,,,  
,,,,,,  
,,,,,,  
,,,,,,  
,,,,,,  
,,,,,,  
,,,,,,  
,,,,,,  
,,,,,,  
,,,,,,  
,,,,,,  
,,,,,,  
,,,,,,  
,,,,,,  
,,,,,,  
,,,,,,  
,,,,,,  
,,,,,,  
,,,,,,  
,,,,,,  
,,,,,,  
,,,,,,  
,,,,,,  
,,,,,,  
,,,,,,  
,,,,,,  
,,,,,,  
,,,,,,  
,,,,,,  
,,,,,,  
,,,,,,  
,,,,,,  
,,,,,,  
,,,,,,  
,,,,,,  
,,,,,,  
,,,,,,  
,,,,,,  
,,,,,,  
,,,,,,  
,,,,,,  
,,,,,,  
,,,,,,  
,,,,,,  
,,,,,,  
,,,,,,  
,,,,,,  
,,,,,,  
,,,,,,  
,,,,,,  
,,,,,,  
,,,,,,  
,,,,,,  
,,,,,,  
,,,,,,  
,,,,,,  
,,,,,,  
,,,,,,  
,,,,,,  
,,,,,,  
,,,,,,  
,,,,,,  
,,,,,,  
,,,,,,  
,,,,,,  
,,,,,,  
,,,,,,  
,,,,,,  
,,,,,,  
,,,,,,  
,,,,,,  
,,,,,,  
,,,,,,  
,,,,,,  
,,,,,,  
,,,,,,  
,,,,,,  
,,,,,,  
,,,,,,  
,,,,,,  
,,,,,,  
,,,,,,  
,,,,,,  
,,,,,,  
,,,,,,  
,,,,,,  
,,,,,,  
,,,,,,  
,,,,,,  
,,,,,,  
,,,,,,  
,,,,,,  
,,,,,,  
,,,,,,  
,,,,,,  
,,,,,,  
,,,,,,  
,,,,,,  
,,,,,,  
,,,,,,  
,,,,,,  
,,,,,,  
,,,,,,  
,,,,,,  
,,,,,,  
,,,,,,  
,,,,,,  
,,,,,,  
,,,,,,  
,,,,,,  
,,,,,,  
,,,,,,  
,,,,,,  
,,,,,,  
,,,,,,  
,,,,,,  
,,,,,,  
,,,,,,  
,,,,,,  
,,,,,,  
,,,,,,  
,,,,,,  
,,,,,,  
,,,,,,  
,,,,,,  
,,,,,,  
,,,,,,  
,,,,,,  
,,,,,,  
,,,,,,  
,,,,,,  
,,,,,,  
,,,,,,  
,,,,,,  
,,,,,,  
,,,,,,  
,,,,,,  
,,,,,,  
,,,,,,  
,,,,,,  
,,,,,,  
,,,,,,  
,,,,,,  
,,,,,,  
,,,,,,  
,,,,,,  
,,,,,,  
,,,,,,  
,,,,,,  
,,,,,,  
,,,,,,  
,,,,,,  
,,,,,,  
,,,,,,  
,,,,,,  
,,,,,,  
,,,,,,  
,,,,,,  
,,,,,,  
,,,,,,  
,,,,,,  
,,,,,,  
,,,,,,  
,,,,,,  
,,,,,,  
,,,,,,  
,,,,,,  
,,,,,,  
,,,,,,  
,,,,,,  
,,,,,,  
,,,,,,  
,,,,,,  
,,,,,,  
,,,,,,  
,,,,,,  
,,,,,,  
,,,,,,  
,,,,,,  
,,,,,,  
,,,,,,  
,,,,,,  
,,,,,,  
,,,,,,  
,,,,,,  
,,,,,,  
,,,,,,  
,,,,,,  
,,,,,,  
,,,,,,  
,,,,,,  
,,,,,,  
,,,,,,  
,,,,,,  
,,,,,,  
,,,,,,  
,,,,,,  
,,,,,,  
,,,,,,  
,,,,,,  
,,,,,,  
,,,,,,  
,,,,,,  
,,,,,,  
,,,,,,  
,,,,,,  
,,,,,,  
,,,,,,  
,,,,,,  
,,,,,,  
,,,,,,  
,,,,,,  
,,,,,,  
,,,,,,  
,,,,,,  
,,,,,,  
,,,,,,  
,,,,,,  
,,,,,,  
,,,,,,  
,,,,,,  
,,,,,,  
,,,,,,  
,,,,,,  
,,,,,,  
,,,,,,  
,,,,,,  
,,,,,,  
,,,,,,  
,,,,,,  
,,,,,,  
,,,,,,  
,,,,,,  
,,,,,,  
,,,,,,  
,,,,,,  
,,,,,,  
,,,,,,  
,,,,,,  
,,,,,,  
,,,,,,  
,,,,,,  
,,,,,,  
,,,,,,  
,,,,,,  
,,,,,,  
,,,,,,  
,,,,,,  
,,,,,,  
,,,,,,  
,,,,,,  
,,,,,,  
,,,,,,  
,,,,,,  
,,,,,,  
,,,,,,  
,,,,,,  
,,,,,,  
,,,,,,  
,,,,,,  
,,,,,,  
,,,,,,  
,,,,,,  
,,,,,,  
,,,,,,  
,,,,,,  
,,,,,,  
,,,,,,  
,,,,,,  
,,,,,,  
,,,,,,  
,,,,,,  
,,,,,,  
,,,,,,  
,,,,,,  
,,,,,,  
,,,,,,  
,,,,,,  
,,,,,,  
,,,,,,  
,,,,,,  
,,,,,,  
,,,,,,  
,,,,,,  
,,,,,,  
,,,,,,  
,,,,,,  
,,,,,,  
,,,,,,  
,,,,,,  
,,,,,,  
,,,,,,  
,,,,,,  
,,,,,,  
,,,,,,  
,,,,,,  
,,,,,,  
,,,,,,  
,,,,,,  
,,,,,,  
,,,,,,  
,,,,,,  
,,,,,,  
,,,,,,  
,,,,,,  
,,,,,,  
,,,,,,  
,,,,,,  
,,,,,,  
,,,,,,  
,,,,,,  
,,,,,,  
,,,,,,  
,,,,,,  
,,,,,,  
,,,,,,  
,,,,,,  
,,,,,,  
,,,,,,  
,,,,,,  
,,,,,,  
,,,,,,  
,,,,,,  
,,,,,,  
,,,,,,  
,,,,,,  
,,,,,,  
,,,,,,  
,,,,,,  
,,,,,,  
,,,,,,  
,,,,,,  
,,,,,,  
,,,,,,  
,,,,,,  
,,,,,,  
,,,,,,  
,,,,,,  
,,,,,,  
,,,,,,  
,,,,,,  
,,,,,,  
,,,,,,  
,,,,,,  
,,,,,,  
,,,,,,  
,,,,,,  
,,,,,,  
,,,,,,  
,,,,,,  
,,,,,,  
,,,,,,  
,,,,,,  
,,,,,,  
,,,,,,  
,,,,,,  
,,,,,,  
,,,,,,  
,,,,,,  
,,,,,,  
,,,,,,  
,,,,,,  
,,,,,,  
,,,,,,  
,,,,,,  
,,,,,,  
,,,,,,  
,,,,,,  
,,,,,,  
,,,,,,  
,,,,,,  
,,,,,,  
,,,,,,  
,,,,,,  
,,,,,,  
,,,,,,  
,,,,,,  
,,,,,,  
,,,,,,  
,,,,,,  
,,,,,,  
,,,,,,  
,,,,,,  
,,,,,,  
,,,,,,  
,,,,,,  
,,,,,,  
,,,,,,  
,,,,,,  
,,,,,,  
,,,,,,  
,,,,,,  
,,,,,,  
,,,,,,  
,,,,,,  
,,,,,,  
,,,,,,  
,,,,,,  
,,,,,,  
,,,,,,  
,,,,,,  
,,,,,,  
,,,,,,  
,,,,,,  
,,,,,,  
,,,,,,  
,,,,,,  
,,,,,,  
,,,,,,  
,,,,,,  
,,,,,,  
,,,,,,  
,,,,,,  
,,,,,,  
,,,,,,  
,,,,,,  
,,,,,,  
,,,,,,  
,,,,,,  
,,,,,,  
,,,,,,  
,,,,,,  
,,,,,,  
,,,,,,  
,,,,,,  
,,,,,,  
,,,,,,  
,,,,,,  
,,,,,,  
,,,,,,  
,,,,,,  
,,,,,,  
,,,,,,  
,,,,,,  
,,,,,,  
,,,,,,  
,,,,,,  
,,,,,,  
,,,,,,  
,,,,,,  
,,,,,,  
,,,,,,  
,,,,,,  
,,,,,,  
,,,,,,  
,,,,,,  
,,,,,,  
,,,,,,  
,,,,,,  
,,,,,,  
,,,,,,  
,,,,,,  
,,,,,,  
,,,,,,  
,,,,,,  
,,,,,,  
,,,,,,  
,,,,,,  
,,,,,,  
,,,,,,  
,,,,,,  
,,,,,,  
,,,,,,  
,,,,,,  
,,,,,,  
,,,,,,  
,,,,,,  
,,,,,,  
,,,,,,  
,,,,,,  
,,,,,,  
,,,,,,  
,,,,,,  
,,,,,,  
,,,,,,  
,,,,,,  
,,,,,,  
,,,,,,  
,,,,,,  
,,,,,,  
,,,,,,  
,,,,,,  
,,,,,,  
,,,,,,  
,,,,,,  
,,,,,,  
,,,,,,  
,,,,,,  
,,,,,,  
,,,,,,  
,,,,,,  
,,,,,,  
,,,,,,  
,,,,,,  
,,,,,,  
,,,,,,  
,,,,,,  
,,,,,,  
,,,,,,  
,,,,,,  
,,,,,,  
,,,,,,  
,,,,,,  
,,,,,,  
,,,,,,  
,,,,,,  
,,,,,,  
,,,,,,  
,,,,,,  
,,,,,,  
,,,,,,  
,,,,,,  
,,,,,,  
,,,,,,  
,,,,,,  
,,,,,,  
,,,,,,  
,,,,,,  
,,,,,,  
,,,,,,  
,,,,,,  
,,,,,,  
,,,,,,  
,,,,,,  
,,,,,,  
,,,,,,  
,,,,,,  
,,,,,,  
,,,,,,  
,,,,,,  
,,,,,,  
,,,,,,  
,,,,,,  
,,,,,,  
,,,,,,  
,,,,,,  
,,,,,,  
,,,,,,  
,,,,,,  
,,,,,,  
,,,,,,  
,,,,,,  
,,,,,,  
,,,,,,  
,,,,,,  
,,,,,,  
,,,,,,  
,,,,,,  
,,,,,,  
,,,,,,  
,,,,,,  
,,,,,,  
,,,,,,  
,,,,,,  
,,,,,,  
,,,,,,  
,,,,,,  
,,,,,,  
,,,,,,  
,,,,,,  
,,,,,,  
,,,,,,  
,,,,,,  
,,,,,,  
,,,,,,  
,,,,,,  
,,,,,,  
,,,,,,  
,,,,,,  
,,,,,,  
,,,,,,  
,,,,,,  
,,,,,,  
,,,,,,  
,,,,,,  
,,,,,,  
,,,,,,  
,,,,,,  
,,,,,,  
,,,,,,  
,,,,,,  
,,,,,,  
,,,,,,  
,,,,,,  
,,,,,,  
,,,,,,  
,,,,,,  
,,,,,,  
,,,,,,  
,,,,,,  
,,,,,,  
,,,,,,  
,,,,,,  
,,,,,,  
,,,,,,  
,,,,,,  
,,,,,,  
,,,,,,  
,,,,,,  
,,,,,,  
,,,,,,  
,,,,,,  
,,,,,,  
,,,,,,  
,,,,,,  
,,,,,,  
,,,,,,  
,,,,,,  
,,,,,,  
,,,,,,  
,,,,,,  
,,,,,,  
,,,,,,  
,,,,,,  
,,,,,,  
,,,,,,  
,,,,,,  
,,,,,,  
,,,,,,  
,,,,,,  
,,,,,,  
,,,,,,  
,,,,,,  
,,,,,,  
,,,,,,  
,,,,,,  
,,,,,,  
,,,,,,  
,,,,,,  
,,,,,,  
,,,,,,  
,,,,,,  
,,,,,,  
,,,,,,  
,,,,,,  
,,,,,,  
,,,,,,  
,,,,,,  
,,,,,,  
,,,,,,  
,,,,,,  
,,,,,,  
,,,,,,  
,,,,,,  
,,,,,,  
,,,,,,  
,,,,,,  
,,,,,,  
,,,,,,  
,,,,,,  
,,,,,,  
,,,,,,  
,,,,,,  
,,,,,,  
,,,,,,  
,,,,,,  
,,,,,,  
,,,,,,  
,,,,,,  
,,,,,,  
,,,,,,  
,,,,,,  
,,,,,,  
,,,,,,  
,,,,,,  
,,,,,,  
,,,,,,  
,,,,,,  
,,,,,,  
,,,,,,  
,,,,,,  
,,,,,,  
,,,,,,  
,,,,,,  
,,,,,,  
,,,,,,  
,,,,,,  
,,,,,,  
,,,,,,  
,,,,,,  
,,,,,,  
,,,,,,  
,,,,,,  
,,,,,,  
,,,,,,  
,,,,,,  
,,,,,,  
,,,,,,  
,,,,,,  
,,,,,,  
,,,,,,  
,,,,,,  
,,,,,,  
,,,,,,  
,,,,,,  
,,,,,,  
,,,,,,  
,,,,,,  
,,,,,,  
,,,,,,  
,,,,,,  
,,,,,,  
,,,,,,  
,,,,,,  
,,,,,,  
,,,,,,  
,,,,,,  
,,,,,,  
,,,,,,  
,,,,,,  
,,,,,,  
,,,,,,  
,,,,,,  
,,,,,,  
,,,,,,  
,,,,,,  
,,,,,,  
,,,,,,  
,,,,,,  
,,,,,,  
,,,,,,  
,,,,,,  
,,,,,,  
,,,,,,  
,,,,,,  
,,,,,,  
,,,,,,  
,,,,,,  
,,,,,,  
,,,,,,  
,,,,,,  
,,,,,,  
,,,,,,  
,,,,,,  
,,,,,,  
,,,,,,  
,,,,,,  
,,,,,,  
,,,,,,  
,,,,,,  
,,,,,,  
,,,,,,  
,,,,,,  
,,,,,,  
,,,,,,  
,,,,,,  
,,,,,,  
,,,,,,  
,,,,,,  
,,,,,,  
,,,,,,  
,,,,,,  
,,,,,,  
,,,,,,  
,,,,,,  
,,,,,,  
,,,,,,  
,,,,,,  
,,,,,,  
,,,,,,  
,,,,,,  
,,,,,,  
,,,,,,  
,,,,,,  
,,,,,,  
,,,,,,  
,,,,,,  
,,,,,,  
,,,,,,  
,,,,,,  
,,,,,,  
,,,,,,  
,,,,,,  
,,,,,,  
,,,,,,  
,,,,,,  
,,,,,,  
,,,,,,  
,,,,,,  
,,,,,,  
,,,,,,  
,,,,,,  
,,,,,,  
,,,,,,  
,,,,,,  
,,,,,,  
,,,,,,  
,,,,,,  
,,,,,,  
,,,,,,  
,,,,,,  
,,,,,,  
,,,,,,  
,,,,,,  
,,,,,,  
,,,,,,  
,,,,,,  
,,,,,,  
,,,,,,  
,,,,,,  
,,,,,,  
,,,,,,  
,,,,,,  
,,,,,,  
,,,,,,  
,,,,,,  
,,,,,,  
,,,,,,  
,,,,,,  
,,,,,,  
,,,,,,  
,,,,,,  
,,,,,,  
,,,,,,  
,,,,,,  
,,,,,,  
,,,,,,  
,,,,,,  
,,,,,,  
,,,,,,  
,,,,,,  
,,,,,,  
,,,,,,  
,,,,,,  
,,,,,,  
,,,,,,  
,,,,,,  
,,,,,,  
,,,,,,  
,,,,,,  
,,,,,,  
,,,,,,  
,,,,,,  
,,,,,,  
,,,,,,  
,,,,,,  
,,,,,,  
,,,,,,  
,,,,,,  
,,,,,,  
,,,,,,  
,,,,,,  
,,,,,,  
,,,,,,  
,,,,,,  
,,,,,,  
,,,,,,  
,,,,,,  
,,,,,,  
,,,,,,  
,,,,,,  
,,,,,,  
,,,,,,  
,,,,,,  
,,,,,,  
,,,,,,  
,,,,,,  
,,,,,,  
,,,,,,  
,,,,,,  
,,,,,,  
,,,,,,  
,,,,,,  
,,,,,,  
,,,,,,  
,,,,,,  
,,,,,,  
,,,,,,  
,,,,,,  
,,,,,,  
,,,,,,  
,,,,,,  
,,,,,,  
,,,,,,  
,,,,,,  
,,,,,,  
,,,,,,  
,,,,,,  
,,,,,,  
,,,,,,  
,,,,,,  
,,,,,,  
,,,,,,  
,,,,,,  
,,,,,,  
,,,,,,  
,,,,,,  
,,,,,,  
,,,,,,  
,,,,,,  
,,,,,,  
,,,,,,  
,,,,,,  
,,,,,,  
,,,,,,  
,,,,,,  
,,,,,,  
,,,,,,  
,,,,,,  
,,,,,,  
,,,,,,  
,,,,,,  
,,,,,,  
,,,,,,  
,,,,,,  
,,,,,,  
,,,,,,  
,,,,,,  
,,,,,,  
,,,,,,  
,,,,,,  
,,,,,,  
,,,,,,  
,,,,,,  
,,,,,,  
,,,,,,  
,,,,,,  
,,,,,,  
,,,,,,  
,,,,,,  
,,,,,,  
,,,,,,  
,,,,,,  
,,,,,,  
,,,,,,  
,,,,,,  
,,,,,,  
,,,,,,  
,,,,,,  
,,,,,,  
,,,,,,  
,,,,,,  
,,,,,,  
,,,,,,  
,,,,,,  
,,,,,,  
,,,,,,  
,,,,,,  
,,,,,,  
,,,,,,  
,,,,,,  
,,,,,,  
,,,,,,  
,,,,,,  
,,,,,,  
,,,,,,  
,,,,,,  
,,,,,,  
,,,,,,  
,,,,,,  
,,,,,,  
,,,,,,  
,,,,,,  
,,,,,,  
,,,,,,  
,,,,,,  
,,,,,,  
,,,,,,  
,,,,,,  
,,,,,,  
,,,,,,  
,,,,,,  
,,,,,,  
,,,,,,  
,,,,,,  
,,,,,,  
,,,,,,  
,,,,,,  
,,,,,,  
,,,,,,  
,,,,,,  
,,,,,,  
,,,,,,  
,,,,,,  
,,,,,,  
,,,,,,  
,,,,,,  
,,,,,,  
,,,,,,  
,,,,,,  
,,,,,,  
,,,,,,  
,,,,,,  
,,,,,,  
,,,,,,  
,,,,,,  
,,,,,,  
,,,,,,  
,,,,,,  
,,,,,,  
,,,,,,  
,,,,,,  
,,,,,,  
,,,,,,  
,,,,,,  
,,,,,,  
,,,,,,  
,,,,,,  
,,,,,,  
,,,,,,  
,,,,,,  
,,,,,,  
,,,,,,  
,,,,,,  
,,,,,,  
,,,,,,  
,,,,,,  
,,,,,,  
,,,,,,  
,,,,,,  
,,,,,,  
,,,,,,  
,,,,,,  
,,,,,,  
,,,,,,  
,,,,,,  
,,,,,,  
,,,,,,  
,,,,,,  
,,,,,,  
,,,,,,  
,,,,,,  
,,,,,,  
,,,,,,  
,,,,,,  
,,,,,,  
,,,,,,  
,,,,,,  
,,,,,,  
,,,,,,  
,,,,,,  
,,,,,,  
,,,,,,  
,,,,,,  
,,,,,,  
,,,,,,  
,,,,,,  
,,,,,,  
,,,,,,  
,,,,,,  
,,,,,,  
,,,,,,  
,,,,,,  
,,,,,,  
,,,,,,  
,,,,,,  
,,,,,,  
,,,,,,  
,,,,,,  
,,,,,,  
,,,,,,  
,,,,,,  
,,,,,,  
,,,,,,  
,,,,,,  
,,,,,,  
,,,,,,  
,,,,,,  
,,,,,,  
,,,,,,  
,,,,,,  
,,,,,,  
,,,,,,  
,,,,,,  
,,,,,,  
,,,,,,  
,,,,,,  
,,,,,,  
,,,,,,  
,,,,,,  
,,,,,,  
,,,,,,  
,,,,,,  
,,,,,,  
,,,,,,  
,,,,,,  
,,,,,,  
,,,,,,  
,,,,,,  
,,,,,,  
,,,,,,  
,,,,,,  
,,,,,,  
,,,,,,  
,,,,,,  
,,,,,,  
,,,,,,  
,,,,,,  
,,,,,,  
,,,,,,  
,,,,,,  
,,,,,,  
,,,,,,  
,,,,,,  
,,,,,,  
,,,,,,  
,,,,,,  
,,,,,,  
,,,,,,  
,,,,,,  
,,,,,,  
,,,,,,  
,,,,,,  
,,,,,,  
,,,,,,  
,,,,,,  
,,,,,,  
,,,,,,  
,,,,,,  
,,,,,,  
,,,,,,  
,,,,,,  
,,,,,,  
,,,,,,  
,,,,,,  
,,,,,,  
,,,,,,  
,,,,,,  
,,,,,,  
,,,,,,  
,,,,,,  
,,,,,,  
,,,,,,  
,,,,,,  
,,,,,,  
,,,,,,  
,,,,,,  
,,,,,,  
,,,,,,  
,,,,,,  
,,,,,,  
,,,,,,  
,,,,,,  
,,,,,,  
,,,,,,  
,,,,,,  
,,,,,,  
,,,,,,  
,,,,,,  
,,,,,,  
,,,,,,  
,,,,,,  
,,,,,,  
,,,,,,  
,,,,,,  
,,,,,,  
,,,,,,  
,,,,,,  
,,,,,,  
,,,,,,  
,,,,,,  
,,,,,,  
,,,,,,  
,,,,,,  
,,,,,,  
,,,,,,  
,,,,,,  
,,,,,,  
,,,,,,  
,,,,,,  
,,,,,,  
,,,,,,  
,,,,,,  
,,,,,,  
,,,,,,  
,,,,,,  
,,,,,,  
,,,,,,  
,,,,,,  
,,,,,,  
,,,,,,  
,,,,,,  
,,,,,,  
,,,,,,  
,,,,,,  
,,,,,,  
,,,,,,  
,,,,,,  
,,,,,,  
,,,,,,  
,,,,,,  
,,,,,,  
,,,,,,  
,,,,,,  
,,,,,,  
,,,,,,  
,,,,,,  
,,,,,,  
,,,,,,  
,,,,,,  
,,,,,,  
,,,,,,  
,,,,,,  
,,,,,,  
,,,,,,  
,,,,,,  
,,,,,,  
,,,,,,  
,,,,,,  
,,,,,,  
,,,,,,  
,,,,,,  
,,,,,,  
,,,,,,  
,,,,,,  
,,,,,,  
,,,,,,  
,,,,,,  
,,,,,,  
,,,,,,  
,,,,,,  
,,,,,,  
,,,,,,  
,,,,,,  
,,,,,,  
,,,,,,  
,,,,,,  
,,,,,,  
,,,,,,  
,,,,,,  
,,,,,,  
,,,,,,  
,,,,,,  
,,,,,,  
,,,,,,  
,,,,,,  
,,,,,,  
,,,,,,  
,,,,,,  
,,,,,,  
,,,,,,  
,,,,,,  
,,,,,,  
,,,,,,  
,,,,,,  
,,,,,,  
,,,,,,  
,,,,,,  
,,,,,,  
,,,,,,  
,,,,,,  
,,,,,,  
,,,,,,  
,,,,,,  
,,,,,,  
,,,,,,  
,,,,,,  
,,,,,,  
,,,,,,  
,,,,,,  
,,,,,,  
,,,,,,  
,,,,,,  
,,,,,,  
,,,,,,  
,,,,,,  
,,,,,,  
,,,,,,  
,,,,,,  
,,,,,,  
,,,,,,  
,,,,,,  
,,,,,,  
,,,,,,  
,,,,,,  
,,,,,,  
,,,,,,  
,,,,,,  
,,,,,,  
,,,,,,  
,,,,,,  
,,,,,,  
,,,,,,  
,,,,,,  
,,,,,,  
,,,,,,  
,,,,,,  
,,,,,,  
,,,,,,  
,,,,,,  
,,,,,,  
,,,,,,  
,,,,,,  
,,,,,,  
,,,,,,  
,,,,,,  
,,,,,,  
,,,,,,  
,,,,,,  
,,,,,,  
,,,,,,  
,,,,,,  
,,,,,,  
,,,,,,  
,,,,,,  
,,,,,,  
,,,,,,  
,,,,,,  
,,,,,,  
,,,,,,  
,,,,,,  
,,,,,,  
,,,,,,  
,,,,,,  
,,,,,,  
,,,,,,  
,,,,,,  
,,,,,,  
,,,,,,  
,,,,,,  
,,,,,,  
,,,,,,  
,,,,,,  
,,,,,,  
,,,,,,  
,,,,,,  
,,,,,,  
,,,,,,  
,,,,,,  
,,,,,,  
,,,,,,  
,,,,,,  
,,,,,,  
,,,,,,  
,,,,,,  
,,,,,,  
,,,,,,  
,,,,,,  
,,,,,,  
,,,,,,  
,,,,,,  
,,,,,,  
,,,,,,  
,,,,,,  
,,,,,,  
,,,,,,  
,,,,,,  
,,,,,,  
,,,,,,  
,,,,,,  
,,,,,,  
,,,,,,  
,,,,,,  
,,,,,,  
,,,,,,  
,,,,,,  
,,,,,,  
,,,,,,  
,,,,,,  
,,,,,,  
,,,,,,  
,,,,,,  
,,,,,,  
,,,,,,  
,,,,,,  
,,,,,,  
,,,,,,  
,,,,,,  
,,,,,,  
,,,,,,  
,,,,,,  
,,,,,,  
,,,,,,  
,,,,,,  
,,,,,,  
,,,,,,  
,,,,,,  
,,,,,,  
,,,,,,  
,,,,,,  
,,,,,,  
,,,,,,  
,,,,,,  
,,,,,,  
,,,,,,  
,,,,,,  
,,,,,,  
,,,,,,  
,,,,,,  
,,,,,,  
,,,,,,  
,,,,,,  
,,,,,,  
,,,,,,  
,,,,,,  
,,,,,,  
,,,,,,  
,,,,,,  
,,,,,,  
,,,,,,  
,,,,,,  
,,,,,,  
,,,,,,  
,,,,,,  
,,,,,,  
,,,,,,  
,,,,,,  
,,,,,,  
,,,,,,  
,,,,,,  
,,,,,,  
,,,,,,  
,,,,,,  
,,,,,,  
,,,,,,  
,,,,,,  
,,,,,,  
,,,,,,  
,,,,,,  
,,,,,,  
,,,,,,  
,,,,,,  
,,,,,,  
,,,,,,  
,,,,,,  
,,,,,,  
,,,,,,  
,,,,,,  
,,,,,,  
,,,,,,  
,,,,,,  
,,,,,,  
,,,,,,  
,,,,,,  
,,,,,,  
,,,,,,  
,,,,,,  
,,,,,,  
,,,,,,  
,,,,,,  
,,,,,,  
,,,,,,  
,,,,,,  
,,,,,,  
,,,,,,  
,,,,,,  
,,,,,,  
,,,,,,  
,,,,,,  
,,,,,,  
,,,,,,  
,,,,,,  
,,,,,,  
,,,,,,  
,,,,,,  
,,,,,,  
,,,,,,  
,,,,,,  
,,,,,,  
,,,,,,  
,,,,,,  
,,,,,,  
,,,,,,  
,,,,,,  
,,,,,,  
,,,,,,  
,,,,,,  
,,,,,,  
,,,,,,  
,,,,,,  
,,,,,,  
,,,,,,  
,,,,,,  
,,,,,,  
,,,,,,  
,,,,,,  
,,,,,,  
,,,,,,  
,,,,,,  
,,,,,,  
,,,,,,  
,,,,,,  
,,,,,,  
,,,,,,  
,,,,,,  
,,,,,,  
,,,,,,  
,,,,,,  
,,,,,,  
,,,,,,  
,,,,,,  
,,,,,,  
,,,,,,  
,,,,,,  
,,,,,,  
,,,,,,  
,,,,,,  
,,,,,,  
,,,,,,  
,,,,,,  
,,,,,,  
,,,,,,  
,,,,,,  
,,,,,,  
,,,,,,  
,,,,,,  
,,,,,,  
,,,,,,  
,,,,,,  
,,,,,,  
,,,,,,  
,,,,,,  
,,,,,,  
,,,,,,  
,,,,,,  
,,,,,,  
,,,,,,  
,,,,,,  
,,,,,,  
,,,,,,  
,,,,,,  
,,,,,,  
,,,,,,  
,,,,,,  
,,,,,,  
,,,,,,  
,,,,,,  
,,,,,,  
,,,,,,  
,,,,,,  
,,,,,,  
,,,,,,  
,,,,,,  
,,,,,,  
,,,,,,  
,,,,,,  
,,,,,,  
,,,,,,  
,,,,,,  
,,,,,,  
,,,,,,  
,,,,,,  
,,,,,,  
,,,,,,  
,,,,,,  
,,,,,,  
,,,,,,  
,,,,,,  
,,,,,,  
,,,,,,  
,,,,,,  
,,,,,,  
,,,,,,  
,,,,,,  
,,,,,,  
,,,,,,  
,,,,,,  
,,,,,,  
,,,,,,  
,,,,,,  
,,,,,,  
,,,,,,  
,,,,,,  
,,,,,,  
,,,,,,  
,,,,,,  
,,,,,,  
,,,,,,  
,,,,,,  
,,,,,,  
,,,,,,  
,,,,,,  
,,,,,,  
,,,,,,  
,,,,,,  
,,,,,,  
,,,,,,  
,,,,,,  
,,,,,,  
,,,,,,  
,,,,,,  
,,,,,,  
,,,,,,  
,,,,,,  
,,,,,,  
,,,,,,  
,,,,,,  
,,,,,,  
,,,,,,  
,,,,,,  
,,,,,,  
,,,,,,  
,,,,,,  
,,,,,,  
,,,,,,  
,,,,,,  
,,,,,,  
,,,,,,  
,,,,,,  
,,,,,,  
,,,,,,  
,,,,,,  
,,,,,,  
,,,,,,  
,,,,,,  
,,,,,,  
,,,,,,  
,,,,,,  
,,,,,,  
,,,,,,  
,,,,,,  
,,,,,,  
,,,,,,  
,,,,,,  
,,,,,,  
,,,,,,  
,,,,,,  
,,,,,,  
,,,,,,  
,,,,,,  
,,,,,,  
,,,,,,  
,,,,,,  
,,,,,,  
,,,,,,  
,,,,,,  
,,,,,,  
,,,,,,  
,,,,,,  
,,,,,,  
,,,,,,  
,,,,,,  
,,,,,,  
,,,,,,  
,,,,,,  
,,,,,,  
,,,,,,  
,,,,,,  
,,,,,,  
,,,,,,  
,,,,,,  
,,,,,,  
,,,,,,  
,,,,,,  
,,,,,,  
,,,,,,  
,,,,,,  
,,,,,,  
,,,,,,  
,,,,,,  
,,,,,,  
,,,,,,  
,,,,,,  
,,,,,,  
,,,,,,  
,,,,,,  
,,,,,,  
,,,,,,  
,,,,,,  
,,,,,,  
,,,,,,  
,,,,,,  
,,,,,,  
,,,,,,  
,,,,,,  
,,,,,,  
,,,,,,  
,,,,,,  
,,,,,,  
,,,,,,  
,,,,,,  
,,,,,,  
,,,,,,  
,,,,,,  
,,,,,,  
,,,,,,  
,,,,,,  
,,,,,,  
,,,,,,  
,,,,,,  
,,,,,,  
,,,,,,  
,,,,,,  
,,,,,,  
,,,,,,  
,,,,,,  
,,,,,,  
,,,,,,  
,,,,,,  
,,,,,,  
,,,,,,  
,,,,,,  
,,,,,,  
,,,,,,  
,,,,,,  
,,,,,,  
,,,,,,  
,,,,,,  
,,,,,,  
,,,,,,  
,,,,,,  
,,,,,,  
,,,,,,  
,,,,,,  
,,,,,,  
,,,,,,  
,,,,,,  
,,,,,,  
,,,,,,  
,,,,,,  
,,,,,,  
,,,,,,  
,,,,,,  
,,,,,,  
,,,,,,  
,,,,,,  
,,,,,,  
,,,,,,  
,,,,,,  
,,,,,,  
,,,,,,  
,,,,,,  
,,,,,,  
,,,,,,  
,,,,,,  
,,,,,,  
,,,,,,  
,,,,,,  
,,,,,,  
,,,,,,  
,,,,,,  
,,,,,,  
,,,,,,  
,,,,,,  
,,,,,,  
,,,,,,  
,,,,,,  
,,,,,,  
,,,,,,  
,,,,,,  
,,,,,,  
,,,,,,  
,,,,,,  
,,,,,,  
,,,,,,  
,,,,,,  
,,,,,,  
,,,,,,  
,,,,,,  
,,,,,,  
,,,,,,  
,,,,,,  
,,,,,,  
,,,,,,  
,,,,,,  
,,,,,,  
,,,,,,  
,,,,,,  
,,,,,,  
,,,,,,  
,,,,,,  
,,,,,,  
,,,,,,  
,,,,,,  
,,,,,,  
,,,,,,  
,,,,,,  
,,,,,,  
,,,,,,  
,,,,,,  
,,,,,,  
,,,,,,  
,,,,,,  
,,,,,,  
,,,,,,  
,,,,,,  
,,,,,,  
,,,,,,  
,,,,,,  
,,,,,,  
,,,,,,  
,,,,,,  
,,,,,,  
,,,,,,  
,,,,,,  
,,,,,,  
,,,,,,  
,,,,,,  
,,,,,,  
,,,,,,  
,,,,,,  
,,,,,,  
,,,,,,  
,,,,,,  
,,,,,,  
,,,,,,  
,,,,,,  
,,,,,,  
,,,,,,  
,,,,,,  
,,,,,,  
,,,,,,  
,,,,,,  
,,,,,,  
,,,,,,  
,,,,,,  
,,,,,,  
,,,,,,  
,,,,,,  
,,,,,,  
,,,,,,  
,,,,,,  
,,,,,,  
,,,,,,  
,,,,,,  
,,,,,,  
,,,,,,  
,,,,,,  
,,,,,,  
,,,,,,  
,,,,,,  
,,,,,,  
,,,,,,  
,,,,,,  
,,,,,,  
,,,,,,  
,,,,,,  
,,,,,,  
,,,,,,  
,,,,,,  
,,,,,,  
,,,,,,  
,,,,,,  
,,,,,,  
,,,,,,  
,,,,,,  
,,,,,,  
,,,,,,  
,,,,,,  
,,,,,,  
,,,,,,  
,,,,,,  
,,,,,,  
,,,,,,  
,,,,,,  
,,,,,,  
,,,,,,  
,,,,,,  
,,,,,,  
,,,,,,  
,,,,,,  
,,,,,,  
,,,,,,  
,,,,,,  
,,,,,,  
,,,,,,  
,,,,,,  
,,,,,,  
,,,,,,  
,,,,,,  
,,,,,,  
,,,,,,  
,,,,,,  
,,,,,,  
,,,,,,  
,,,,,,  
,,,,,,  
,,,,,,  
,,,,,,  
,,,,,,  
,,,,,,  
,,,,,,  
,,,,,,  
,,,,,,  
,,,,,,  
,,,,,,  
,,,,,,  
,,,,,,  
,,,,,,  
,,,,,,  
,,,,,,  
,,,,,,  
,,,,,,  
,,,,,,  
,,,,,,  
,,,,,,  
,,,,,,  
,,,,,,  
,,,,,,  
,,,,,,  
,,,,,,  
,,,,,,  
,,,,,,  
,,,,,,  
,,,,,,  
,,,,,,  
,,,,,,  
,,,,,,  
,,,,,,  
,,,,,,  
,,,,,,  
,,,,,,  
,,,,,,  
,,,,,,  
,,,,,,  
,,,,,,  
,,,,,,  
,,,,,,  
,,,,,,  
,,,,,,  
,,,,,,  
,,,,,,  
,,,,,,  
,,,,,,  
,,,,,,  
,,,,,,  
,,,,,,  
,,,,,,  
,,,,,,  
,,,,,,  
,,,,,,  
,,,,,,  
,,,,,,  
,,,,,,  
,,,,,,  
,,,,,,  
,,,,,,  
,,,,,,  
,,,,,,  
,,,,,,  
,,,,,,  
,,,,,,  
,,,,,,  
,,,,,,  
,,,,,,  
,,,,,,  
,,,,,,  
,,,,,,  
,,,,,,  
,,,,,,  
,,,,,,  
,,,,,,  
,,,,,,  
,,,,,,  
,,,,,,  
,,,,,,  
,,,,,,  
,,,,,,  
,,,,,,  
,,,,,,  
,,,,,,  
,,,,,,  
,,,,,,  
,,,,,,  
,,,,,,  
,,,,,,  
,,,,,,  
,,,,,,  
,,,,,,  
,,,,,,  
,,,,,,  
,,,,,,  
,,,,,,  
,,,,,,  
,,,,,,  
,,,,,,  
,,,,,,  
,,,,,,  
,,,,,,  
,,,,,,  
,,,,,,  
,,,,,,  
,,,,,,  
,,,,,,  
,,,,,,  
,,,,,,  
,,,,,,  
,,,,,,  
,,,,,,  
,,,,,,  
,,,,,,  
,,,,,,  
,,,,,,  
,,,,,,  
,,,,,,  
,,,,,,  
,,,,,,  
,,,,,,  
,,,,,,  
,,,,,,  
,,,,,,  
,,,,,,  
,,,,,,  
,,,,,,  
,,,,,,  
,,,,,,  
,,,,,,  
,,,,,,  
,,,,,,  
,,,,,,  
,,,,,,  
,,,,,,  
,,,,,,  
,,,,,,  
,,,,,,  
,,,,,,  
,,,,,,  
,,,,,,  
,,,,,,  
,,,,,,  
,,,,,,  
,,,,,,  
,,,,,,  
,,,,,,  
,,,,,,  
,,,,,,  
,,,,,,  
,,,,,,  
,,,,,,  
,,,,,,  
,,,,,,  
,,,,,,  
,,,,,,  
,,,,,,  
,,,,,,  
,,,,,,  
,,,,,,  
,,,,,,  
,,,,,,  
,,,,,,  
,,,,,,  
,,,,,,  
,,,,,,  
,,,,,,  
,,,,,,  
,,,,,,  
,,,,,,  
,,,,,,  
,,,,,,  
,,,,,,  
,,,,,,  
,,,,,,  
,,,,,,  
,,,,,,  
,,,,,,  
,,,,,,  
,,,,,,  
,,,,,,  
,,,,,,  
,,,,,,  
,,,,,,  
,,,,,,  
,,,,,,  
,,,,,,  
,,,,,,  
,,,,,,  
,,,,,,  
,,,,,,  
,,,,,,  
,,,,,,  
,,,,,,  
,,,,,,  
,,,,,,  
,,,,,,  
,,,,,,  
,,,,,,  
,,,,,,  
,,,,,,  
,,,,,,  
,,,,,,  
,,,,,,  
,,,,,,  
,,,,,,  
,,,,,,  
,,,,,,  
,,,,,,  
,,,,,,  
,,,,,,  
,,,,,,  
,,,,,,  
,,,,,,  
,,,,,,  
,,,,,,  
,,,,,,  
,,,,,,  
,,,,,,  
,,,,,,  
,,,,,,  
,,,,,,  
,,,,,,  
,,,,,,  
,,,,,,  
,,,,,,  
,,,,,,  
,,,,,,  
,,,,,,  
,,,,,,  
,,,,,,  
,,,,,,  
,,,,,,  
,,,,,,  
,,,,,,  
,,,,,,  
,,,,,,  
,,,,,,  
,,,,,,  
,,,,,,  
,,,,,,  
,,,,,,  
,,,,,,  
,,,,,,  
,,,,,,  
,,,,,,  
,,,,,,  
,,,,,,  
,,,,,,  
,,,,,,  
,,,,,,  
,,,,,,  
,,,,,,  
,,,,,,  
,,,,,,  
,,,,,,  
,,,,,,  
,,,,,,  
,,,,,,  
,,,,,,  
,,,,,,  
,,,,,,  
,,,,,,  
,,,,,,  
,,,,,,  
,,,,,,  
,,,,,,  
,,,,,,  
,,,,,,  
,,,,,,  
,,,,,,  
,,,,,,  
,,,,,,  
,,,,,,  
,,,,,,  
,,,,,,  
,,,,,,  
,,,,,,  
,,,,,,  
,,,,,,  
,,,,,,  
,,,,,,  
,,,,,,  
,,,,,,  
,,,,,,  
,,,,,,  
,,,,,,  
,,,,,,  
,,,,,,  
,,,,,,  
,,,,,,  
,,,,,,  
,,,,,,  
,,,,,,  
,,,,,,  
,,,,,,  
,,,,,,  
,,,,,,  
,,,,,,  
,,,,,,  
,,,,,,  
,,,,,,  
,,,,,,  
,,,,,,  
,,,,,,  
,,,,,,  
,,,,,,  
,,,,,,  
,,,,,,  
,,,,,,  
,,,,,,  
,,,,,,  
,,,,,,  
,,,,,,  
,,,,,,  
,,,,,,  
,,,,,,  
,,,,,,  
,,,,,,  
,,,,,,  
,,,,,,  
,,,,,,  
,,,,,,  
,,,,,,  
,,,,,,  
,,,,,,  
,,,,,,  
,,,,,,  
,,,,,,  
,,,,,,  
,,,,,,  
,,,,,,  
,,,,,,  
,,,,,,  
,,,,,,  
,,,,,,  
,,,,,,  
,,,,,,  
,,,,,,  
,,,,,,  
,,,,,,  
,,,,,,  
,,,,,,  
,,,,,,  
,,,,,,  
,,,,,,  
,,,,,,  
,,,,,,  
,,,,,,  
,,,,,,  
,,,,,,  
,,,,,,  
,,,,,,  
,,,,,,  
,,,,,,  
,,,,,,  
,,,,,,  
,,,,,,  
,,,,,,  
,,,,,,  
,,,,,,  
,,,,,,  
,,,,,,  
,,,,,,  
,,,,,,  
,,,,,,  
,,,,,,  
,,,,,,  
,,,,,,  
,,,,,,  
,,,,,,  
,,,,,,  
,,,,,,  
,,,,,,  
,,,,,,  
,,,,,,  
,,,,,,  
,,,,,,  
,,,,,,  
,,,,,,  
,,,,,,  
,,,,,,  
,,,,,,  
,,,,,,  
,,,,,,  
,,,,,,  
,,,,,,  
,,,,,,  
,,,,,,  
,,,,,,  
,,,,,,  
,,,,,,  
,,,,,,  
,,,,,,  
,,,,,,  
,,,,,,  
,,,,,,  
,,,,,,  
,,,,,,  
,,,,,,  
,,,,,,  
,,,,,,  
,,,,,,  
,,,,,,  
,,,,,,  
,,,,,,  
,,,,,,  
,,,,,,  
,,,,,,  
,,,,,,  
,,,,,,  
,,,,,,  
,,,,,,  
,,,,,,  
,,,,,,  
,,,,,,  
,,,,,,  
,,,,,,  
,,,,,,  
,,,,,,  
,,,,,,  
,,,,,,  
,,,,,,  
,,,,,,  
,,,,,,  
,,,,,,  
,,,,,,  
,,,,,,  
,,,,,,  
,,,,,,  
,,,,,,  
,,,,,,  
,,,,,,  
,,,,,,  
,,,,,,  
,,,,,,  
,,,,,,  
,,,,,,  
,,,,,,  
,,,,,,  
,,,,,,  
,,,,,,  
,,,,,,  
,,,,,,  
,,,,,,  
,,,,,,  
,,,,,,  
,,,,,,  
,,,,,,  
,,,,,,  
,,,,,,  
,,,,,,  
,,,,,,  
,,,,,,  
,,,,,,  
,,,,,,  
,,,,,,  
,,,,,,  
,,,,,,  
,,,,,,  
,,,,,,  
,,,,,,  
,,,,,,  
,,,,,,  
,,,,,,  
,,,,,,  
,,,,,,  
,,,,,,  
,,,,,,  
,,,,,,  
,,,,,,  
,,,,,,  
,,,,,,  
,,,,,,  
,,,,,,  
,,,,,,  
,,,,,,  
,,,,,,  
,,,,,,  
,,,,,,  
,,,,,,  
,,,,,,  
,,,,,,  
,,,,,,  
,,,,,,  
,,,,,,  
,,,,,,  
,,,,,,  
,,,,,,  
,,,,,,  
,,,,,,  
,,,,,,  
,,,,,,  
,,,,,,  
,,,,,,  
,,,,,,  
,,,,,,  
,,,,,,  
,,,,,,  
,,,,,,  
,,,,,,  
,,,,,,  
,,,,,,  
,,,,,,  
,,,,,,  
,,,,,,  
,,,,,,  
,,,,,,  
,,,,,,  
,,,,,,  
,,,,,,  
,,,,,,  
,,,,,,  
,,,,,,  
,,,,,,  
,,,,,,  
,,,,,,  
,,,,,,  
,,,,,,  
,,,,,,  
,,,,,,  
,,,,,,  
,,,,,,  
,,,,,,  
,,,,,,  
,,,,,,  
,,,,,,  
,,,,,,  
,,,,,,  
,,,,,,  
,,,,,,  
,,,,,,  
,,,,,,  
,,,,,,  
,,,,,,  
,,,,,,  
,,,,,,  
,,,,,,  
,,,,,,  
,,,,,,  
,,,,,,  
,,,,,,  
,,,,,,  
,,,,,,  
,,,,,,  
,,,,,,  
,,,,,,  
,,,,,,  
,,,,,,  
,,,,,,  
,,,,,,  
,,,,,,  
,,,,,,  
,,,,,,  
,,,,,,  
,,,,,,  
,,,,,,  
,,,,,,  
,,,,,,  
,,,,,,  
,,,,,,  
,,,,,,  
,,,,,,  
,,,,,,  
,,,,,,  
,,,,,,  
,,,,,,  
,,,,,,  
,,,,,,  
,,,,,,  
,,,,,,  
,,,,,,  
,,,,,,  
,,,,,,  
,,,,,,  
,,,,,,  
,,,,,,  
,,,,,,  
,,,,,,  
,,,,,,  
,,,,,,  
,,,,,,  
,,,,,,  
,,,,,,  
,,,,,,  
,,,,,,  
,,,,,,  
,,,,,,  
,,,,,,  
,,,,,,  
,,,,,,  
,,,,,,  
,,,,,,  
,,,,,,  
,,,,,,  
,,,,,,  
,,,,,,  
,,,,,,  
,,,,,,  
,,,,,,  
,,,,,,  
,,,,,,  
,,,,,,  
,,,,,,  
,,,,,,  
,,,,,,  
,,,,,,  
,,,,,,  
,,,,,,  
,,,,,,  
,,,,,,  
,,,,,,  
,,,,,,  
,,,,,,  
,,,,,,  
,,,,,,  
,,,,,,  
,,,,,,  
,,,,,,  
,,,,,,  
,,,,,,  
,,,,,,  
,,,,,,  
,,,,,,  
,,,,,,  
,,,,,,  
,,,,,,  
,,,,,,  
,,,,,,  
,,,,,,  
,,,,,,  
,,,,,,  
,,,,,,  
,,,,,,  
,,,,,,  
,,,,,,  
,,,,,,  
,,,,,,  
,,,,,,  
,,,,,,  
,,,,,,  
,,,,,,  
,,,,,,  
,,,,,,  
,,,,,,  
,,,,,,  
,,,,,,  
,,,,,,  
,,,,,,  
,,,,,,  
,,,,,,  
,,,,,,  
,,,,,,  
,,,,,,  
,,,,,,  
,,,,,,  
,,,,,,  
,,,,,,  
,,,,,,  
,,,,,,  
,,,,,,  
,,,,,,  
,,,,,,  
,,,,,,  
,,,,,,  
,,,,,,  
,,,,,,  
,,,,,,  
,,,,,,  
,,,,,,  
,,,,,,  
,,,,,,  
,,,,,,  
,,,,,,  
,,,,,,  
,,,,,,  
,,,,,,  
,,,,,,  
,,,,,,  
,,,,,,  
,,,,,,  
,,,,,,  
,,,,,,  
,,,,,,  
,,,,,,  
,,,,,,  
,,,,,,  
,,,,,,  
,,,,,,  
,,,,,,  
,,,,,,  
,,,,,,  
,,,,,,  
,,,,,,  
,,,,,,  
,,,,,,  
,,,,,,  
,,,,,,  
,,,,,,  
,,,,,,  
,,,,,,  
,,,,,,  
,,,,,,  
,,,,,,  
,,,,,,  
,,,,,,  
,,,,,,  
,,,,,,  
,,,,,,  
,,,,,,  
,,,,,,  
,,,,,,  
,,,,,,  
,,,,,,  
,,,,,,  
,,,,,,  
,,,,,,  
,,,,,,  
,,,,,,  
,,,,,,  
,,,,,,  
,,,,,,  
,,,,,,  
,,,,,,  
,,,,,,  
,,,,,,  
,,,,,,  
,,,,,,  
,,,,,,  
,,,,,,  
,,,,,,  
,,,,,,  
,,,,,,  
,,,,,,  
,,,,,,  
,,,,,,  
,,,,,,  
,,,,,,  
,,,,,,  
,,,,,,  
,,,,,,  
,,,,,,  
,,,,,,  
,,,,,,  
,,,,,,  
,,,,,,  
,,,,,,  
,,,,,,  
,,,,,,  
,,,,,,  
,,,,,,  
,,,,,,  
,,,,,,  
,,,,,,  
,,,,,,  
,,,,,,  
,,,,,,  
,,,,,,  
,,,,,,  
,,,,,,  
,,,,,,  
,,,,,,  
,,,,,,  
,,,,,,  
,,,,,,  
,,,,,,  
,,,,,,  
,,,,,,  
,,,,,,  
,,,,,,  
,,,,,,  
,,,,,,  
,,,,,,  
,,,,,,  
,,,,,,  
,,,,,,  
,,,,,,  
,,,,,,  
,,,,,,  
,,,,,,  
,,,,,,  
,,,,,,  
,,,,,,  
,,,,,,  
,,,,,,  
,,,,,,  
,,,,,,  
,,,,,,  
,,,,,,  
,,,,,,  
,,,,,,  
,,,,,,  
,,,,,,  
,,,,,,  
,,,,,,  
,,,,,,  
,,,,,,  
,,,,,,  
,,,,,,  
,,,,,,  
,,,,,,  
,,,,,,  
,,,,,,  
,,,,,,  
,,,,,,  
,,,,,,  
,,,,,,  
,,,,,,  
,,,,,,  
,,,,,,  
,,,,,,  
,,,,,,  
,,,,,,  
,,,,,,  
,,,,,,  
,,,,,,  
,,,,,,  
,,,,,,  
,,,,,,  
,,,,,,  
,,,,,,  
,,,,,,  
,,,,,,  
,,,,,,  
,,,,,,  
,,,,,,  
,,,,,,  
,,,,,,  
,,,,,,  
,,,,,,  
,,,,,,  
,,,,,,  
,,,,,,  
,,,,,,  
,,,,,,  
,,,,,,  
,,,,,,  
,,,,,,  
,,,,,,  
,,,,,,  
,,,,,,  
,,,,,,  
,,,,,,  
,,,,,,  
,,,,,,  
,,,,,,  
,,,,,,  
,,,,,,  
,,,,,,  
,,,,,,  
,,,,,,  
,,,,,,  
,,,,,,  
,,,,,,  
,,,,,,  
,,,,,,  
,,,,,,  
,,,,,,  
,,,,,,  
,,,,,,  
,,,,,,  
,,,,,,  
,,,,,,  
,,,,,,  
,,,,,,  
,,,,,,  
,,,,,,  
,,,,,,  
,,,,,,  
,,,,,,  
,,,,,,  
,,,,,,  
,,,,,,  
,,,,,,  
,,,,,,  
,,,,,,  
,,,,,,  
,,,,,,  
,,,,,,  
,,,,,,  
,,,,,,  
,,,,,,  
,,,,,,  
,,,,,,  
,,,,,,  
,,,,,,  
,,,,,,  
,,,,,,  
,,,,,,  
,,,,,,  
,,,,,,  
,,,,,,  
,,,,,,  
,,,,,,  
,,,,,,  
,,,,,,  
,,,,,,  
,,,,,,  
,,,,,,  
,,,,,,  
,,,,,,  
,,,,,,  
,,,,,,  
,,,,,,  
,,,,,,  
,,,,,,  
,,,,,,  
,,,,,,  
,,,,,,  
,,,,,,  
,,,,,,  
,,,,,,  
,,,,,,  
,,,,,,  
,,,,,,  
,,,,,,  
,,,,,,  
,,,,,,  
,,,,,,  
,,,,,,  
,,,,,,  
,,,,,,  
,,,,,,  
,,,,,,  
,,,,,,  
,,,,,,  
,,,,,,  
,,,,,,  
,,,,,,  
,,,,,,  
,,,,,,  
,,,,,,  
,,,,,,  
,,,,,,  
,,,,,,  
,,,,,,  
,,,,,,  
,,,,,,  
,,,,,,  
,,,,,,  
,,,,,,  
,,,,,,  
,,,,,,  
,,,,,,  
,,,,,,  
,,,,,,  
,,,,,,  
,,,,,,  
,,,,,,  
,,,,,,  
,,,,,,  
,,,,,,  
,,,,,,  
,,,,,,  
,,,,,,  
,,,,,,  
,,,,,,  
,,,,,,  
,,,,,,  
,,,,,,  
,,,,,,  
,,,,,,  
,,,,,,  
,,,,,,  
,,,,,,  
,,,,,,  
,,,,,,  
,,,,,,  
,,,,,,  
,,,,,,  
,,,,,,  
,,,,,,  
,,,,,,  
,,,,,,  
,,,,,,  
,,,,,,  
,,,,,,  
,,,,,,  
,,,,,,  
,,,,,,  
,,,,,,  
,,,,,,  
,,,,,,  
,,,,,,  
,,,,,,  
,,,,,,  
,,,,,,  
,,,,,,  
,,,,,,  
,,,,,,  
,,,,,,  
,,,,,,  
,,,,,,  
,,,,,,  
,,,,,,  
,,,,,,  
,,,,,,  
,,,,,,  
,,,,,,  
,,,,,,  
,,,,,,  
,,,,,,  
,,,,,,  
,,,,,,  
,,,,,,  
,,,,,,  
,,,,,,  
,,,,,,  
,,,,,,  
,,,,,,  
,,,,,,  
,,,,,,  
,,,,,,  
,,,,,,  
,,,,,,  
,,,,,,  
,,,,,,  
,,,,,,  
,,,,,,  
,,,,,,  
,,,,,,  
,,,,,,  
,,,,,,  
,,,,,,  
,,,,,,  
,,,,,,  
,,,,,,  
,,,,,,  
,,,,,,  
,,,,,,  
,,,,,,  
,,,,,,  
,,,,,,  
,,,,,,  
,,,,,,  
,,,,,,  
,,,,,,  
,,,,,,  
,,,,,,  
,,,,,,  
,,,,,,  
,,,,,,  
,,,,,,  
,,,,,,  
,,,,,,  
,,,,,,  
,,,,,,  
,,,,,,  
,,,,,,  
,,,,,,  
,,,,,,  
,,,,,,  
,,,,,,  
,,,,,,  
,,,,,,  
,,,,,,  
,,,,,,  
,,,,,,  
,,,,,,  
,,,,,,  
,,,,,,  
,,,,,,  
,,,,,,  
,,,,,,  
,,,,,,  
,,,,,,  
,,,,,,  
,,,,,,  
,,,,,,  
,,,,,,  
,,,,,,  
,,,,,,  
,,,,,,  
,,,,,,  
,,,,,,  
,,,,,,  
,,,,,,  
,,,,,,  
,,,,,,  
,,,,,,  
,,,,,,  
,,,,,,  
,,,,,,  
,,,,,,  
,,,,,,  
,,,,,,  
,,,,,,  
,,,,,,  
,,,,,,  
,,,,,,  
,,,,,,  
,,,,,,  
,,,,,,  
,,,,,,  
,,,,,,  
,,,,,,  
,,,,,,  
,,,,,,  
,,,,,,  
,,,,,,  
,,,,,,  
,,,,,,  
,,,,,,  
,,,,,,  
,,,,,,  
,,,,,,  
,,,,,,  
,,,,,,  
,,,,,,  
,,,,,,  
,,,,,,  
,,,,,,  
,,,,,,  
,,,,,,  
,,,,,,  
,,,,,,  
,,,,,,  
,,,,,,  
,,,,,,  
,,,,,,  
,,,,,,  
,,,,,,  
,,,,,,  
,,,,,,  
,,,,,,  
,,,,,,  
,,,,,,  
,,,,,,  
,,,,,,  
,,,,,,  
,,,,,,  
,,,,,,  
,,,,,,  
,,,,,,  
,,,,,,  
,,,,,,  
,,,,,,  
,,,,,,  
,,,,,,  
,,,,,,  
,,,,,,  
,,,,,,  
,,,,,,  
,,,,,,  
,,,,,,  
,,,,,,  
,,,,,,  
,,,,,,  
,,,,,,  
,,,,,,  
,,,,,,  
,,,,,,  
,,,,,,  
,,,,,,  
,,,,,,  
,,,,,,  
,,,,,,  
,,,,,,  
,,,,,,  
,,,,,,  
,,,,,,  
,,,,,,  
,,,,,,  
,,,,,,  
,,,,,,  
,,,,,,  
,,,,,,  
,,,,,,  
,,,,,,  
,,,,,,  
,,,,,,  
,,,,,,  
,,,,,,  
,,,,,,  
,,,,,,  
,,,,,,  
,,,,,,  
,,,,,,  
,,,,,,  
,,,,,,  
,,,,,,  
,,,,,,  
,,,,,,  
,,,,,,  
,,,,,,  
,,,,,,  
,,,,,,  
,,,,,,  
,,,,,,  
,,,,,,  
,,,,,,  
,,,,,,  
,,,,,,  
,,,,,,  
,,,,,,  
,,,,,,  
,,,,,,  
,,,,,,  
,,,,,,  
,,,,,,  
,,,,,,  
,,,,,,  
,,,,,,  
,,,,,,  
,,,,,,  
,,,,,,  
,,,,,,  
,,,,,,  
,,,,,,  
,,,,,,  
,,,,,,  
,,,,,,  
,,,,,,  
,,,,,,  
,,,,,,  
,,,,,,  
,,,,,,  
,,,,,,  
,,,,,,  
,,,,,,  
,,,,,,  
,,,,,,  
,,,,,,  
,,,,,,  
,,,,,,  
,,,,,,  
,,,,,,  
,,,,,,  
,,,,,,  
,,,,,,  
,,,,,,  
,,,,,,  
,,,,,,  
,,,,,,  
,,,,,,  
,,,,,,  
,,,,,,  
,,,,,,  
,,,,,,  
,,,,,,  
,,,,,,  
,,,,,,  
,,,,,,  
,,,,,,  
,,,,,,  
,,,,,,  
,,,,,,  
,,,,,,  
,,,,,,  
,,,,,,  
,,,,,,  
,,,,,,  
,,,,,,  
,,,,,,  
,,,,,,  
,,,,,,  
,,,,,,  
,,,,,,  
,,,,,,  
,,,,,,  
,,,,,,  
,,,,,,  
,,,,,,  
,,,,,,  
,,,,,,  
,,,,,,  
,,,,,,  
,,,,,,  
,,,,,,  
,,,,,,  
,,,,,,  
,,,,,,  
,,,,,,  
,,,,,,  
,,,,,,  
,,,,,,  
,,,,,,  
,,,,,,  
,,,,,,  
,,,,,,  
,,,,,,  
,,,,,,  
,,,,,,  
,,,,,,  
,,,,,,  
,,,,,,  
,,,,,,  
,,,,,,  
,,,,,,  
,,,,,,  
,,,,,,  
,,,,,,  
,,,,,,  
,,,,,,  
,,,,,,  
,,,,,,  
,,,,,,  
,,,,,,  
,,,,,,  
,,,,,,  
,,,,,,  
,,,,,,  
,,,,,,  
,,,,,,  
,,,,,,  
,,,,,,  
,,,,,,  
,,,,,,  
,,,,,,  
,,,,,,  
,,,,,,  
,,,,,,  
,,,,,,  
,,,,,,  
,,,,,,  
,,,,,,  
,,,,,,  
,,,,,,  
,,,,,,  
,,,,,,  
,,,,,,  
,,,,,,  
,,,,,,  
,,,,,,  
,,,,,,  
,,,,,,  
,,,,,,  
,,,,,,  
,,,,,,  
,,,,,,  
,,,,,,  
,,,,,,  
,,,,,,  
,,,,,,  
,,,,,,  
,,,,,,  
,,,,,,  
,,,,,,  
,,,,,,  
,,,,,,  
,,,,,,  
,,,,,,  
,,,,,,  
,,,,,,  
,,,,,,  
,,,,,,  
,,,,,,  
,,,,,,  
,,,,,,  
,,,,,,  
,,,,,,  
,,,,,,  
,,,,,,  
,,,,,,  
,,,,,,  
,,,,,,  
,,,,,,  
,,,,,,  
,,,,,,  
,,,,,,  
,,,,,,  
,,,,,,  
,,,,,,  
,,,,,,  
,,,,,,  
,,,,,,  
,,,,,,  
,,,,,,  
,,,,,,  
,,,,,,  
,,,,,,  
,,,,,,  
,,,,,,  
,,,,,,  
,,,,,,  
,,,,,,  
,,,,,,  
,,,,,,  
,,,,,,  
,,,,,,  
,,,,,,  
,,,,,,  
,,,,,,  
,,,,,,  
,,,,,,  
,,,,,,  
,,,,,,  
,,,,,,  
,,,,,,  
,,,,,,  
,,,,,,  
,,,,,,  
,,,,,,  
,,,,,,  
,,,,,,  
,,,,,,  
,,,,,,  
,,,,,,  
,,,,,,  
,,,,,,  
,,,,,,  
,,,,,,  
,,,,,,  
,,,,,,  
,,,,,,  
,,,,,,  
,,,,,,  
,,,,,,  
,,,,,,  
,,,,,,  
,,,,,,  
,,,,,,  
,,,,,,  
,,,,,,  
,,,,,,  
,,,,,,  
,,,,,,  
,,,,,,  
,,,,,,  
,,,,,,  
,,,,,,  
,,,,,,  
,,,,,,  
,,,,,,  
,,,,,,  
,,,,,,  
,,,,,,  
,,,,,,  
,,,,,,  
,,,,,,  
,,,,,,  
,,,,,,  
,,,,,,  
,,,,,,  
,,,,,,  
,,,,,,  
,,,,,,  
,,,,,,  
,,,,,,  
,,,,,,  
,,,,,,  
,,,,,,  
,,,,,,  
,,,,,,  
,,,,,,  
,,,,,,  
,,,,,,  
,,,,,,  
,,,,,,  
,,,,,,  
,,,,,,  
,,,,,,  
,,,,,,  
,,,,,,  
,,,,,,  
,,,,,,  
,,,,,,  
,,,,,,  
,,,,,,  
,,,,,,  
,,,,,,  
,,,,,,  
,,,,,,  
,,,,,,  
,,,,,,  
,,,,,,  
,,,,,,  
,,,,,,  
,,,,,,  
,,,,,,  
,,,,,,  
,,,,,,  
,,,,,,  
,,,,,,  
,,,,,,  
,,,,,,  
,,,,,,  
,,,,,,  
,,,,,,  
,,,,,,  
,,,,,,  
,,,,,,  
,,,,,,  
,,,,,,  
,,,,,,  
,,,,,,  
,,,,,,  
,,,,,,  
,,,,,,  
,,,,,,  
,,,,,,  
,,,,,,  
,,,,,,  
,,,,,,  
,,,,,,  
,,,,,,  
,,,,,,  
,,,,,,  
,,,,,,  
,,,,,,  
,,,,,,  
,,,,,,  
,,,,,,  
,,,,,,  
,,,,,,  
,,,,,,  
,,,,,,  
,,,,,,  
,,,,,,  
,,,,,,  
,,,,,,  
,,,,,,  
,,,,,,  
,,,,,,  
,,,,,,  
,,,,,,  
,,,,,,  
,,,,,,  
,,,,,,  
,,,,,,  
,,,,,,  
,,,,,,  
,,,,,,  
,,,,,,  
,,,,,,  
,,,,,,  
,,,,,,  
,,,,,,  
,,,,,,  
,,,,,,  
,,,,,,  
,,,,,,  
,,,,,,  
,,,,,,  
,,,,,,  
,,,,,,  
,,,,,,  
,,,,,,  
,,,,,,  
,,,,,,  
,,,,,,  
,,,,,,  
,,,,,,  
,,,,,,  
,,,,,,  
,,,,,,  
,,,,,,  
,,,,,,  
,,,,,,  
,,,,,,  
,,,,,,  
,,,,,,  
,,,,,,  
,,,,,,  
,,,,,,  
,,,,,,  
,,,,,,  
,,,,,,  
,,,,,,  
,,,,,,  
,,,,,,  
,,,,,,  
,,,,,,  
,,,,,,  
,,,,,,  
,,,,,,  
,,,,,,  
,,,,,,  
,,,,,,  
,,,,,,  
,,,,,,  
,,,,,,  
,,,,,,  
,,,,,,  
,,,,,,  
,,,,,,  
,,,,,,  
,,,,,,  
,,,,,,  
,,,,,,  
,,,,,,  
,,,,,,  
,,,,,,  
,,,,,,  
,,,,,,  
,,,,,,  
,,,,,,  
,,,,,,  
,,,,,,  
,,,,,,  
,,,,,,  
,,,,,,  
,,,,,,  
,,,,,,  
,,,,,,  
,,,,,,  
,,,,,,  
,,,,,,  
,,,,,,  
,,,,,,  
,,,,,,  
,,,,,,  
,,,,,,  
,,,,,,  
,,,,,,  
,,,,,,  
,,,,,,  
,,,,,,  
,,,,,,  
,,,,,,  
,,,,,,  
,,,,,,  
,,,,,,  
,,,,,,  
,,,,,,  
,,,,,,  
,,,,,,  
,,,,,,  
,,,,,,  
,,,,,,  
,,,,,,  
,,,,,,  
,,,,,,  
,,,,,,  
,,,,,,  
,,,,,,  
,,,,,,  
,,,,,,  
,,,,,,  
,,,,,,  
,,,,,,  
,,,,,,  
,,,,,,  
,,,,,,  
,,,,,,  
,,,,,,  
,,,,,,  
,,,,,,  
,,,,,,  
,,,,,,  
,,,,,,  
,,,,,,  
,,,,,,  
,,,,,,  
,,,,,,  
,,,,,,  
,,,,,,  
,,,,,,  
,,,,,,  
,,,,,,  
,,,,,,  
,,,,,,  
,,,,,,  
,,,,,,  
,,,,,,  
,,,,,,  
,,,,,,  
,,,,,,  
,,,,,,  
,,,,,,  
,,,,,,  
,,,,,,  
,,,,,,  
,,,,,,  
,,,,,,  
,,,,,,  
,,,,,,  
,,,,,,  
,,,,,,  
,,,,,,  
,,,,,,  
,,,,,,  
,,,,,,  
,,,,,,  
,,,,,,  
,,,,,,  
,,,,,,  
,,,,,,  
,,,,,,  
,,,,,,  
,,,,,,  
,,,,,,  
,,,,,,  
,,,,,,  
,,,,,,  
,,,,,,  
,,,,,,  
,,,,,,  
,,,,,,  
,,,,,,  
,,,,,,  
,,,,,,  
,,,,,,  
,,,,,,  
,,,,,,  
,,,,,,  
,,,,,,  
,,,,,,  
,,,,,,  
,,,,,,  
,,,,,,  
,,,,,,  
,,,,,,  
,,,,,,  
,,,,,,  
,,,,,,  
,,,,,,  
,,,,,,  
,,,,,,  
,,,,,,  
,,,,,,  
,,,,,,  
,,,,,,  
,,,,,,  
,,,,,,  
,,,,,,  
,,,,,,  
,,,,,,  
,,,,,,  
,,,,,,  
,,,,,,  
,,,,,,  
,,,,,,  
,,,,,,  
,,,,,,  
,,,,,,  
,,,,,,  
,,,,,,  
,,,,,,  
,,,,,,  
,,,,,,  
,,,,,,  
,,,,,,  
,,,,,,  
,,,,,,  
,,,,,,  
,,,,,,  
,,,,,,  
,,,,,,  
,,,,,,  
,,,,,,  
,,,,,,  
,,,,,,  
,,,,,,  
,,,,,,  
,,,,,,  
,,,,,,  
,,,,,,  
,,,,,,  
,,,,,,  
,,,,,,  
,,,,,,  
,,,,,,  
,,,,,,  
,,,,,,  
,,,,,,  
,,,,,,  
,,,,,,  
,,,,,,  
,,,,,,  
,,,,,,  
,,,,,,  
,,,,,,  
,,,,,,  
,,,,,,  
,,,,,,  
,,,,,,  
,,,,,,  
,,,,,,  
,,,,,,  
,,,,,,  
,,,,,,  
,,,,,,  
,,,,,,  
,,,,,,  
,,,,,,  
,,,,,,  
,,,,,,  
,,,,,,  
,,,,,,  
,,,,,,  
,,,,,,  
,,,,,,  
,,,,,,  
,,,,,,  
,,,,,,  
,,,,,,  
,,,,,,  
,,,,,,  
,,,,,,  
,,,,,,  
,,,,,,  
,,,,,,  
,,,,,,  
,,,,,,  
,,,,,,  
,,,,,,  
,,,,,,  
,,,,,,  
,,,,,,  
,,,,,,  
,,,,,,  
,,,,,,  
,,,,,,  
,,,,,,  
,,,,,,  
,,,,,,  
,,,,,,  
,,,,,,  
,,,,,,  
,,,,,,  
,,,,,,  
,,,,,,  
,,,,,,  
,,,,,,  
,,,,,,  
,,,,,,  
,,,,,,  
,,,,,,  
,,,,,,  
,,,,,,  
,,,,,,  
,,,,,,  
,,,,,,  
,,,,,,  
,,,,,,  
,,,,,,  
,,,,,,  
,,,,,,  
,,,,,,  
,,,,,,  
,,,,,,  
,,,,,,  
,,,,,,  
,,,,,,  
,,,,,,  
,,,,,,  
,,,,,,  
,,,,,,  
,,,,,,  
,,,,,,  
,,,,,,  
,,,,,,  
,,,,,,  
,,,,,,  
,,,,,,  
,,,,,,  
,,,,,,  
,,,,,,  
,,,,,,  
,,,,,,  
,,,,,,  
,,,,,,  
,,,,,,  
,,,,,,  
,,,,,,  
,,,,,,  
,,,,,,  
,,,,,,  
,,,,,,  
,,,,,,  
,,,,,,  
,,,,,,  
,,,,,,  
,,,,,,  
,,,,,,  
,,,,,,  
,,,,,,  
,,,,,,  
,,,,,,  
,,,,,,  
,,,,,,  
,,,,,,  
,,,,,,  
,,,,,,  
,,,,,,  
,,,,,,  
,,,,,,  
,,,,,,  
,,,,,,  
,,,,,,  
,,,,,,  
,,,,,,  
,,,,,,  
,,,,,,  
,,,,,,  
,,,,,,  
,,,,,,  
,,,,,,  
,,,,,,  
,,,,,,  
,,,,,,  
,,,,,,  
,,,,,,  
,,,,,,  
,,,,,,  
,,,,,,  
,,,,,,  
,,,,,,  
,,,,,,  
,,,,,,  
,,,,,,  
,,,,,,  
,,,,,,  
,,,,,,  
,,,,,,  
,,,,,,  
,,,,,,  
,,,,,,  
,,,,,,  
,,,,,,  
,,,,,,  
,,,,,,  
,,,,,,  
,,,,,,  
,,,,,,  
,,,,,,  
,,,,,,  
,,,,,,  
,,,,,,  
,,,,,,  
,,,,,,  
,,,,,,  
,,,,,,  
,,,,,,  
,,,,,,  
,,,,,,  
,,,,,,  
,,,,,,  
,,,,,,  
,,,,,,  
,,,,,,  
,,,,,,  
,,,,,,  
,,,,,,  
,,,,,,  
,,,,,,  
,,,,,,  
,,,,,,  
,,,,,,  
,,,,,,  
,,,,,,  
,,,,,,  
,,,,,,  
,,,,,,  
,,,,,,  
,,,,,,  
,,,,,,  
,,,,,,  
,,,,,,  
,,,,,,  
,,,,,,  
,,,,,,  
,,,,,,  
,,,,,,  
,,,,,,  
,,,,,,  
,,,,,,  
,,,,,,  
,,,,,,  
,,,,,,  
,,,,,,  
,,,,,,  
,,,,,,  
,,,,,,  
,,,,,,  
,,,,,,  
,,,,,,  
,,,,,,  
,,,,,,  
,,,,,,  
,,,,,,  
,,,,,,  
,,,,,,  
,,,,,,  
,,,,,,  
,,,,,,  
,,,,,,  
,,,,,,  
,,,,,,  
,,,,,,  
,,,,,,  
,,,,,,  
,,,,,,  
,,,,,,  
,,,,,,  
,,,,,,  
,,,,,,  
,,,,,,  
,,,,,,  
,,,,,,  
,,,,,,  
,,,,,,  
,,,,,,  
,,,,,,  
,,,,,,  
,,,,,,  
,,,,,,  
,,,,,,  
,,,,,,  
,,,,,,  
,,,,,,  
,,,,,,  
,,,,,,  
,,,,,,  
,,,,,,  
,,,,,,  
,,,,,,  
,,,,,,  
,,,,,,  
,,,,,,  
,,,,,,  
,,,,,,  
,,,,,,  
,,,,,,  
,,,,,,  
,,,,,,  
,,,,,,  
,,,,,,  
,,,,,,  
,,,,,,  
,,,,,,  
,,,,,,  
,,,,,,  
,,,,,,  
,,,,,,  
,,,,,,  
,,,,,,  
,,,,,,  
,,,,,,  
,,,,,,  
,,,,,,  
,,,,,,  
,,,,,,  
,,,,,,  
,,,,,,  
,,,,,,  
,,,,,,  
,,,,,,  
,,,,,,  
,,,,,,  
,,,,,,  
,,,,,,  
,,,,,,  
,,,,,,  
,,,,,,  
,,,,,,  
,,,,,,  
,,,,,,  
,,,,,,  
,,,,,,  
,,,,,,  
,,,,,,  
,,,,,,  
,,,,,,  
,,,,,,  
,,,,,,  
,,,,,,  
,,,,,,  
,,,,,,  
,,,,,,  
,,,,,,  
,,,,,,  
,,,,,,  
,,,,,,  
,,,,,,  
,,,,,,  
,,,,,,  
,,,,,,  
,,,,,,  
,,,,,,  
,,,,,,  
,,,,,,  
,,,,,,  
,,,,,,  
,,,,,,  
,,,,,,  
,,,,,,  
,,,,,,  
,,,,,,  
,,,,,,  
,,,,,,  
,,,,,,  
,,,,,,  
,,,,,,  
,,,,,,  
,,,,,,  
,,,,,,  
,,,,,,  
,,,,,,  
,,,,,,  
,,,,,,  
,,,,,,  
,,,,,,  
,,,,,,  
,,,,,,  
,,,,,,  
,,,,,,  
,,,,,,  
,,,,,,  
,,,,,,  
,,,,,,  
,,,,,,  
,,,,,,  
,,,,,,  
,,,,,,  
,,,,,,  
,,,,,,  
,,,,,,  
,,,,,,  
,,,,,,  
,,,,,,  
,,,,,,  
,,,,,,  
,,,,,,  
,,,,,,  
,,,,,,  
,,,,,,  
,,,,,,  
,,,,,,  
,,,,,,  
,,,,,,  
,,,,,,  
,,,,,,  
,,,,,,  
,,,,,,  
,,,,,,  
,,,,,,  
,,,,,,  
,,,,,,  
,,,,,,  
,,,,,,  
,,,,,,  
,,,,,,  
,,,,,,  
,,,,,,  
,,,,,,  
,,,,,,  
,,,,,,  
,,,,,,  
,,,,,,  
,,,,,,  
,,,,,,  
,,,,,,  
,,,,,,  
,,,,,,  
,,,,,,  
,,,,,,  
,,,,,,  
,,,,,,  
,,,,,,  
,,,,,,  
,,,,,,  
,,,,,,  
,,,,,,  
,,,,,,  
,,,,,,  
,,,,,,  
,,,,,,  
,,,,,,  
,,,,,,  
,,,,,,  
,,,,,,  
,,,,,,  
,,,,,,  
,,,,,,  
,,,,,,  
,,,,,,  
,,,,,,  
,,,,,,  
,,,,,,  
,,,,,,  
,,,,,,  
,,,,,,  
,,,,,,  
,,,,,,  
,,,,,,  
,,,,,,  
,,,,,,  
,,,,,,  
,,,,,,  
,,,,,,  
,,,,,,  
,,,,,,  
,,,,,,  
,,,,,,  
,,,,,,  
,,,,,,  
,,,,,,  
,,,,,,  
,,,,,,  
,,,,,,  
,,,,,,  
,,,,,,  
,,,,,,  
,,,,,,  
,,,,,,  
,,,,,,  
,,,,,,  
,,,,,,  
,,,,,,  
,,,,,,  
,,,,,,  
,,,,,,  
,,,,,,  
,,,,,,  
,,,,,,  
,,,,,,  
,,,,,,  
,,,,,,  
,,,,,,  
,,,,,,  
,,,,,,  
,,,,,,  
,,,,,,  
,,,,,,  
,,,,,,  
,,,,,,  
,,,,,,  
,,,,,,  
,,,,,,  
,,,,,,  
,,,,,,  
,,,,,,  
,,,,,,  
,,,,,,  
,,,,,,  
,,,,,,  
,,,,,,  
,,,,,,  
,,,,,,  
,,,,,,  
,,,,,,  
,,,,,,  
,,,,,,  
,,,,,,  
,,,,,,  
,,,,,,  
,,,,,,  
,,,,,,  
,,,,,,  
,,,,,,  
,,,,,,  
,,,,,,  
,,,,,,  
,,,,,,  
,,,,,,  
,,,,,,  
,,,,,,  
,,,,,,  
,,,,,,  
,,,,,,  
,,,,,,  
,,,,,,  
,,,,,,  
,,,,,,  
,,,,,,  
,,,,,,  
,,,,,,  
,,,,,,  
,,,,,,  
,,,,,,  
,,,,,,  
,,,,,,  
,,,,,,  
,,,,,,  
,,,,,,  
,,,,,,  
,,,,,,  
,,,,,,  
,,,,,,  
,,,,,,  
,,,,,,  
,,,,,,  
,,,,,,  
,,,,,,  
,,,,,,  
,,,,,,  
,,,,,,  
,,,,,,  
,,,,,,  
,,,,,,  
,,,,,,  
,,,,,,  
,,,,,,  
,,,,,,  
,,,,,,  
,,,,,,  
,,,,,,  
,,,,,,  
,,,,,,  
,,,,,,  
,,,,,,  
,,,,,,  
,,,,,,  
,,,,,,  
,,,,,,  
,,,,,,  
,,,,,,  
,,,,,,  
,,,,,,  
,,,,,,  
,,,,,,  
,,,,,,  
,,,,,,  
,,,,,,  
,,,,,,  
,,,,,,  
,,,,,,  
,,,,,,  
,,,,,,  
,,,,,,  
,,,,,,  
,,,,,,  
,,,,,,  
,,,,,,  
,,,,,,  
,,,,,,  
,,,,,,  
,,,,,,  
,,,,,,  
,,,,,,  
,,,,,,  
,,,,,,  
,,,,,,  
,,,,,,  
,,,,,,  
,,,,,,  
,,,,,,  
,,,,,,  
,,,,,,  
,,,,,,  
,,,,,,  
,,,,,,  
,,,,,,  
,,,,,,  
,,,,,,  
,,,,,,  
,,,,,,  
,,,,,,  
,,,,,,  
,,,,,,  
,,,,,,  
,,,,,,  
,,,,,,  
,,,,,,  
,,,,,,  
,,,,,,  
,,,,,,  
,,,,,,  
,,,,,,  
,,,,,,  
,,,,,,  
,,,,,,  
,,,,,,  
,,,,,,  
,,,,,,  
,,,,,,  
,,,,,,  
,,,,,,  
,,,,,,  
,,,,,,  
,,,,,,  
,,,,,,  
,,,,,,  
,,,,,,  
,,,,,,  
,,,,,,  
,,,,,,  
,,,,,,  
,,,,,,  
,,,,,,  
,,,,,,  
,,,,,,  
,,,,,,  
,,,,,,  
,,,,,,  
,,,,,,  
,,,,,,  
,,,,,,  
,,,,,,  
,,,,,,  
,,,,,,  
,,,,,,  
,,,,,,  
,,,,,,  
,,,,,,  
,,,,,,  
,,,,,,  
,,,,,,  
,,,,,,  
,,,,,,  
,,,,,,  
,,,,,,  
,,,,,,  
,,,,,,  
,,,,,,  
,,,,,,  
,,,,,,  
,,,,,,  
,,,,,,  
,,,,,,  
,,,,,,  
,,,,,,  
,,,,,,  
,,,,,,  
,,,,,,  
,,,,,,  
,,,,,,  
,,,,,,  
,,,,,,  
,,,,,,  
,,,,,,  
,,,,,,  
,,,,,,  
,,,,,,  
,,,,,,  
,,,,,,  
,,,,,,  
,,,,,,  
,,,,,,  
,,,,,,  
,,,,,,  
,,,,,,  
,,,,,,  
,,,,,,  
,,,,,,  
,,,,,,  
,,,,,,  
,,,,,,  
,,,,,,  
,,,,,,  
,,,,,,  
,,,,,,  
,,,,,,  
,,,,,,  
,,,,,,  
,,,,,,  
,,,,,,  
,,,,,,  
,,,,,,  
,,,,,,  
,,,,,,  
,,,,,,  
,,,,,,  
,,,,,,  
,,,,,,  
,,,,,,  
,,,,,,  
,,,,,,  
,,,,,,  
,,,,,,  
,,,,,,  
,,,,,,  
,,,,,,  
,,,,,,  
,,,,,,  
,,,,,,  
,,,,,,  
,,,,,,  
,,,,,,  
,,,,,,  
,,,,,,  
,,,,,,  
,,,,,,  
,,,,,,  
,,,,,,  
,,,,,,  
,,,,,,  
,,,,,,  
,,,,,,  
,,,,,,  
,,,,,,  
,,,,,,  
,,,,,,  
,,,,,,  
,,,,,,  
,,,,,,  
,,,,,,  
,,,,,,  
,,,,,,  
,,,,,,  
,,,,,,  
,,,,,,  
,,,,,,  
,,,,,,  
,,,,,,  
,,,,,,  
,,,,,,  
,,,,,,  
,,,,,,  
,,,,,,  
,,,,,,  
,,,,,,  
,,,,,,  
,,,,,,  
,,,,,,  
,,,,,,  
,,,,,,  
,,,,,,  
,,,,,,  
,,,,,,  
,,,,,,  
,,,,,,  
,,,,,,  
,,,,,,  
,,,,,,  
,,,,,,  
,,,,,,  
,,,,,,  
,,,,,,  
,,,,,,  
,,,,,,  
,,,,,,  
,,,,,,  
,,,,,,  
,,,,,,  
,,,,,,  
,,,,,,  
,,,,,,  
,,,,,,  
,,,,,,  
,,,,,,  
,,,,,,  
,,,,,,  
,,,,,,  
,,,,,,  
,,,,,,  
,,,,,,  
,,,,,,  
,,,,,,  
,,,,,,  
,,,,,,  
,,,,,,  
,,,,,,  
,,,,,,  
,,,,,,  
,,,,,,  
,,,,,,  
,,,,,,  
,,,,,,  
,,,,,,  
,,,,,,  
,,,,,,  
,,,,,,  
,,,,,,  
,,,,,,  
,,,,,,  
,,,,,,  
,,,,,,  
,,,,,,  
,,,,,,  
,,,,,,  
,,,,,,  
,,,,,,  
,,,,,,  
,,,,,,  
,,,,,,  
,,,,,,  
,,,,,,  
,,,,,,  
,,,,,,  
,,,,,,  
,,,,,,  
,,,,,,  
,,,,,,  
,,,,,,  
,,,,,,  
,,,,,,  
,,,,,,  
,,,,,,  
,,,,,,  
,,,,,,  
,,,,,,  
,,,,,,  
,,,,,,  
,,,,,,  
,,,,,,  
,,,,,,  
,,,,,,  
,,,,,,  
,,,,,,  
,,,,,,  
,,,,,,  
,,,,,,  
,,,,,,  
,,,,,,  
,,,,,,  
,,,,,,  
,,,,,,  
,,,,,,  
,,,,,,  
,,,,,,  
,,,,,,  
,,,,,,  
,,,,,,  
,,,,,,  
,,,,,,  
,,,,,,  
,,,,,,  
,,,,,,  
,,,,,,  
,,,,,,  
,,,,,,  
,,,,,,  
,,,,,,  
,,,,,,  
,,,,,,  
,,,,,,  
,,,,,,  
,,,,,,  
,,,,,,  
,,,,,,  
,,,,,,  
,,,,,,  
,,,,,,  
,,,,,,  
,,,,,,  
,,,,,,  
,,,,,,  
,,,,,,  
,,,,,,  
,,,,,,  
,,,,,,  
,,,,,,  
,,,,,,  
,,,,,,  
,,,,,,  
,,,,,,  
,,,,,,  
,,,,,,  
,,,,,,  
,,,,,,  
,,,,,,  
,,,,,,  
,,,,,,  
,,,,,,  
,,,,,,  
,,,,,,  
,,,,,,  
,,,,,,  
,,,,,,  
,,,,,,  
,,,,,,  
,,,,,,  
,,,,,,  
,,,,,,  
,,,,,,  
,,,,,,  
,,,,,,  
,,,,,,  
,,,,,,  
,,,,,,  
,,,,,,  
,,,,,,  
,,,,,,  
,,,,,,  
,,,,,,  
,,,,,,  
,,,,,,  
,,,,,,  
,,,,,,  
,,,,,,  
,,,,,,  
,,,,,,  
,,,,,,  
,,,,,,  
,,,,,,  
,,,,,,  
,,,,,,  
,,,,,,  
,,,,,,  
,,,,,,  
,,,,,,  
,,,,,,  
,,,,,,  
,,,,,,  
,,,,,,  
,,,,,,  
,,,,,,  
,,,,,,  
,,,,,,  
,,,,,,  
,,,,,,  
,,,,,,  
,,,,,,  
,,,,,,  
,,,,,,  
,,,,,,  
,,,,,,  
,,,,,,  
,,,,,,  
,,,,,,  
,,,,,,  
,,,,,,  
,,,,,,  
,,,,,,  
,,,,,,  
,,,,,,  
,,,,,,  
,,,,,,  
,,,,,,  
,,,,,,  
,,,,,,  
,,,,,,  
,,,,,,  
,,,,,,  
,,,,,,  
,,,,,,  
,,,,,,  
,,,,,,  
,,,,,,  
,,,,,,  
,,,,,,  
,,,,,,  
,,,,,,  
,,,,,,  
,,,,,,  
,,,,,,  
,,,,,,  
,,,,,,  
,,,,,,  
,,,,,,  
,,,,,,  
,,,,,,  
,,,,,,  
,,,,,,  
,,,,,,  
,,,,,,  
,,,,,,  
,,,,,,  
,,,,,,  
,,,,,,  
,,,,,,  
,,,,,,  
,,,,,,  
,,,,,,  
,,,,,,  
,,,,,,  
,,,,,,  
,,,,,,  
,,,,,,  
,,,,,,  
,,,,,,  
,,,,,,  
,,,,,,  
,,,,,,  
,,,,,,  
,,,,,,  
,,,,,,  
,,,,,,  
,,,,,,  
,,,,,,  
,,,,,,  
,,,,,,  
,,,,,,  
,,,,,,  
,,,,,,  
,,,,,,  
,,,,,,  
,,,,,,  
,,,,,,  
,,,,,,  
,,,,,,  
,,,,,,  
,,,,,,  
,,,,,,  
,,,,,,  
,,,,,,  
,,,,,,  
,,,,,,  
,,,,,,  
,,,,,,  
,,,,,,  
,,,,,,  
,,,,,,  
,,,,,,  
,,,,,,  
,,,,,,  
,,,,,,  
,,,,,,  
,,,,,,  
,,,,,,  
,,,,,,  
,,,,,,  
,,,,,,  
,,,,,,  
,,,,,,  
,,,,,,  
,,,,,,  
,,,,,,  
,,,,,,  
,,,,,,  
,,,,,,  
,,,,,,  
,,,,,,  
,,,,,,  
,,,,,,  
,,,,,,  
,,,,,,  
,,,,,,  
,,,,,,  
,,,,,,  
,,,,,,  
,,,,,,  
,,,,,,  
,,,,,,  
,,,,,,  
,,,,,,  
,,,,,,  
,,,,,,  
,,,,,,  
,,,,,,  
,,,,,,  
,,,,,,  
,,,,,,  
,,,,,,  
,,,,,,  
,,,,,,  
,,,,,,  
,,,,,,  
,,,,,,  
,,,,,,  
,,,,,,  
,,,,,,  
,,,,,,  
,,,,,,  
,,,,,,  
,,,,,,  
,,,,,,  
,,,,,,  
,,,,,,  
,,,,,,  
,,,,,,  
,,,,,,  
,,,,,,  
,,,,,,  
,,,,,,  
,,,,,,  
,,,,,,  
,,,,,,  
,,,,,,  
,,,,,,  
,,,,,,  
,,,,,,  
,,,,,,  
,,,,,,  
,,,,,,  
,,,,,,  
,,,,,,  
,,,,,,  
,,,,,,  
,,,,,,  
,,,,,,  
,,,,,,  
,,,,,,  
,,,,,,  
,,,,,,  
,,,,,,  
,,,,,,  
,,,,,,  
,,,,,,  
,,,,,,  
,,,,,,  
,,,,,,  
,,,,,,  
,,,,,,  
,,,,,,  
,,,,,,  
,,,,,,  
,,,,,,  
,,,,,,  
,,,,,,  
,,,,,,  
,,,,,,  
,,,,,,  
,,,,,,  
,,,,,,  
,,,,,,  
,,,,,,  
,,,,,,  
,,,,,,  
,,,,,,  
,,,,,,  
,,,,,,  
,,,,,,  
,,,,,,  
,,,,,,  
,,,,,,  
,,,,,,  
,,,,,,  
,,,,,,  
,,,,,,  
,,,,,,  
,,,,,,  
,,,,,,  
,,,,,,  
,,,,,,  
,,,,,,  
,,,,,,  
,,,,,,  
,,,,,,  
,,,,,,  
,,,,,,  
,,,,,,  
,,,,,,  
,,,,,,  
,,,,,,  
,,,,,,  
,,,,,,  
,,,,,,  
,,,,,,  
,,,,,,  
,,,,,,  
,,,,,,  
,,,,,,  
,,,,,,  
,,,,,,  
,,,,,,  
,,,,,,  
,,,,,,  
,,,,,,  
,,,,,,  
,,,,,,  
,,,,,,  
,,,,,,  
,,,,,,  
,,,,,,  
,,,,,,  
,,,,,,  
,,,,,,  
,,,,,,  
,,,,,,  
,,,,,,  
,,,,,,  
,,,,,,  
,,,,,,  
,,,,,,  
,,,,,,  
,,,,,,  
,,,,,,  
,,,,,,  
,,,,,,  
,,,,,,  
,,,,,,  
,,,,,,  
,,,,,,  
,,,,,,  
,,,,,,  
,,,,,,  
,,,,,,  
,,,,,,  
,,,,,,  
,,,,,,  
,,,,,,  
,,,,,,  
,,,,,,  
,,,,,,  
,,,,,,  
,,,,,,  
,,,,,,  
,,,,,,  
,,,,,,  
,,,,,,  
,,,,,,  
,,,,,,  
,,,,,,  
,,,,,,  
,,,,,,  
,,,,,,  
,,,,,,  
,,,,,,  
,,,,,,  
,,,,,,  
,,,,,,  
,,,,,,  
,,,,,,  
,,,,,,  
,,,,,,  
,,,,,,  
,,,,,,  
,,,,,,  
,,,,,,  
,,,,,,  
,,,,,,  
,,,,,,  
,,,,,,  
,,,,,,  
,,,,,,  
,,,,,,  
,,,,,,  
,,,,,,  
,,,,,,  
,,,,,,  
,,,,,,  
,,,,,,  
,,,,,,  
,,,,,,  
,,,,,,  
,,,,,,  
,,,,,,  
,,,,,,  
,,,,,,  
,,,,,,  
,,,,,,  
,,,,,,  
,,,,,,  
,,,,,,  
,,,,,,  
,,,,,,  
,,,,,,  
,,,,,,  
,,,,,,  
,,,,,,  
,,,,,,  
,,,,,,  
,,,,,,  
,,,,,,  
,,,,,,  
,,,,,,  
,,,,,,  
,,,,,,  
,,,,,,  
,,,,,,  
,,,,,,  
,,,,,,  
,,,,,,  
,,,,,,  
,,,,,,  
,,,,,,  
,,,,,,  
,,,,,,  
,,,,,,  
,,,,,,  
,,,,,,  
,,,,,,  
,,,,,,  
,,,,,,  
,,,,,,  
,,,,,,  
,,,,,,  
,,,,,,  
,,,,,,  
,,,,,,  
,,,,,,  
,,,,,,  
,,,,,,  
,,,,,,  
,,,,,,  
,,,,,,  
,,,,,,  
,,,,,,  
,,,,,,  
,,,,,,  
,,,,,,  
,,,,,,  
,,,,,,  
,,,,,,  
,,,,,,  
,,,,,,  
,,,,,,  
,,,,,,  
,,,,,,  
,,,,,,  
,,,,,,  
,,,,,,  
,,,,,,  
,,,,,,  
,,,,,,  
,,,,,,  
,,,,,,  
,,,,,,  
,,,,,,  
,,,,,,  
,,,,,,  
,,,,,,  
,,,,,,  
,,,,,,  
,,,,,,  
,,,,,,  
,,,,,,  
,,,,,,  
,,,,,,  
,,,,,,  
,,,,,,  
,,,,,,  
,,,,,,  
,,,,,,  
,,,,,,  
,,,,,,  
,,,,,,  
,,,,,,  
,,,,,,  
,,,,,,  
,,,,,,  
,,,,,,  
,,,,,,  
,,,,,,  
,,,,,,  
,,,,,,  
,,,,,,  
,,,,,,  
,,,,,,  
,,,,,,  
,,,,,,  
,,,,,,  
,,,,,,  
,,,,,,  
,,,,,,  
,,,,,,  
,,,,,,  
,,,,,,  
,,,,,,  
,,,,,,  
,,,,,,  
,,,,,,  
,,,,,,  
,,,,,,  
,,,,,,  
,,,,,,  
,,,,,,  
,,,,,,  
,,,,,,  
,,,,,,  
,,,,,,  
,,,,,,  
,,,,,,  
,,,,,,  
,,,,,,  
,,,,,,  
,,,,,,  
,,,,,,  
,,,,,,  
,,,,,,  
,,,,,,  
,,,,,,  
,,,,,,  
,,,,,,  
,,,,,,  
,,,,,,  
,,,,,,  
,,,,,,  
,,,,,,  
,,,,,,  
,,,,,,  
,,,,,,  
,,,,,,  
,,,,,,  
,,,,,,  
,,,,,,  
,,,,,,  
,,,,,,  
,,,,,,  
,,,,,,  
,,,,,,  
,,,,,,  
,,,,,,  
,,,,,,  
,,,,,,  
,,,,,,  
,,,,,,  
,,,,,,  
,,,,,,  
,,,,,,  
,,,,,,  
,,,,,,  
,,,,,,  
,,,,,,  
,,,,,,  
,,,,,,  
,,,,,,  
,,,,,,  
,,,,,,  
,,,,,,  
,,,,,,  
,,,,,,  
,,,,,,  
,,,,,,  
,,,,,,  
,,,,,,  
,,,,,,  
,,,,,,  
,,,,,,  
,,,,,,  
,,,,,,  
,,,,,,  
,,,,,,  
,,,,,,  
,,,,,,  
,,,,,,  
,,,,,,  
,,,,,,  
,,,,,,  
,,,,,,  
,,,,,,  
,,,,,,  
,,,,,,  
,,,,,,  
,,,,,,  
,,,,,,  
,,,,,,  
,,,,,,  
,,,,,,  
,,,,,,  
,,,,,,  
,,,,,,  
,,,,,,  
,,,,,,  
,,,,,,  
,,,,,,  
,,,,,,  
,,,,,,  
,,,,,,  
,,,,,,  
,,,,,,  
,,,,,,  
,,,,,,  
,,,,,,  
,,,,,,  
,,,,,,  
,,,,,,  
,,,,,,  
,,,,,,  
,,,,,,  
,,,,,,  
,,,,,,  
,,,,,,  
,,,,,,  
,,,,,,  
,,,,,,  
,,,,,,  
,,,,,,  
,,,,,,  
,,,,,,  
,,,,,,  
,,,,,,  
,,,,,,  
,,,,,,  
,,,,,,  
,,,,,,  
,,,,,,  
,,,,,,  
,,,,,,  
,,,,,,  
,,,,,,  
,,,,,,  
,,,,,,  
,,,,,,  
,,,,,,  
,,,,,,  
,,,,,,  
,,,,,,  
,,,,,,  
,,,,,,  
,,,,,,  
,,,,,,  
,,,,,,  
,,,,,,  
,,,,,,  
,,,,,,  
,,,,,,  
,,,,,,  
,,,,,,  
,,,,,,  
,,,,,,  
,,,,,,  
,,,,,,  
,,,,,,  
,,,,,,  
,,,,,,  
,,,,,,  
,,,,,,  
,,,,,,  
,,,,,,  
,,,,,,  
,,,,,,  
,,,,,,  
,,,,,,  
,,,,,,  
,,,,,,  
,,,,,,  
,,,,,,  
,,,,,,  
,,,,,,  
,,,,,,  
,,,,,,  
,,,,,,  
,,,,,,  
,,,,,,  
,,,,,,  
,,,,,,  
,,,,,,  
,,,,,,  
,,,,,,  
,,,,,,  
,,,,,,  
,,,,,,  
,,,,,,  
,,,,,,  
,,,,,,  
,,,,,,  
,,,,,,  
,,,,,,  
,,,,,,  
,,,,,,  
,,,,,,  
,,,,,,  
,,,,,,  
,,,,,,  
,,,,,,  
,,,,,,  
,,,,,,  
,,,,,,  
,,,,,,  
,,,,,,  
,,,,,,  
,,,,,,  
,,,,,,  
,,,,,,  
,,,,,,  
,,,,,,  
,,,,,,  
,,,,,,  
,,,,,,  
,,,,,,  
,,,,,,  
,,,,,,  
,,,,,,  
,,,,,,  
,,,,,,  
,,,,,,  
,,,,,,  
,,,,,,  
,,,,,,  
,,,,,,  
,,,,,,  
,,,,,,  
,,,,,,  
,,,,,,  
,,,,,,  
,,,,,,  
,,,,,,  
,,,,,,  
,,,,,,  
,,,,,,  
,,,,,,  
,,,,,,  
,,,,,,  
,,,,,,  
,,,,,,  
,,,,,,  
,,,,,,  
,,,,,,  
,,,,,,  
,,,,,,  
,,,,,,  
,,,,,,  
,,,,,,  
,,,,,,  
,,,,,,  
,,,,,,  
,,,,,,  
,,,,,,  
,,,,,,  
,,,,,,  
,,,,,,  
,,,,,,  
,,,,,,  
,,,,,,  
,,,,,,  
,,,,,,  
,,,,,,  
,,,,,,  
,,,,,,  
,,,,,,  
,,,,,,  
,,,,,,  
,,,,,,  
,,,,,,  
,,,,,,  
,,,,,,  
,,,,,,  
,,,,,,  
,,,,,,  
,,,,,,  
,,,,,,  
,,,,,,  
,,,,,,  
,,,,,,  
,,,,,,  
,,,,,,  
,,,,,,  
,,,,,,  
,,,,,,  
,,,,,,  
,,,,,,  
,,,,,,  
,,,,,,  
,,,,,,  
,,,,,,  
,,,,,,  
,,,,,,  
,,,,,,  
,,,,,,  
,,,,,,  
,,,,,,  
,,,,,,  
,,,,,,  
,,,,,,  
,,,,,,  
,,,,,,  
,,,,,,  
,,,,,,  
,,,,,,  
,,,,,,  
,,,,,,  
,,,,,,  
,,,,,,  
,,,,,,  
,,,,,,  
,,,,,,  
,,,,,,  
,,,,,,  
,,,,,,  
,,,,,,  
,,,,,,  
,,,,,,  
,,,,,,  
,,,,,,  
,,,,,,  
,,,,,,  
,,,,,,  
,,,,,,  
,,,,,,  
,,,,,,  
,,,,,,  
,,,,,,  
,,,,,,  
,,,,,,  
,,,,,,  
,,,,,,  
,,,,,,  
,,,,,,  
,,,,,,  
,,,,,,  
,,,,,,  
,,,,,,  
,,,,,,  
,,,,,,  
,,,,,,  
,,,,,,  
,,,,,,  
,,,,,,  
,,,,,,  
,,,,,,  
,,,,,,  
,,,,,,  
,,,,,,  
,,,,,,  
,,,,,,  
,,,,,,  
,,,,,,  
,,,,,,  
,,,,,,  
,,,,,,  
,,,,,,  
,,,,,,  
,,,,,,  
,,,,,,  
,,,,,,  
,,,,,,  
,,,,,,  
,,,,,,  
,,,,,,  
,,,,,,  
,,,,,,  
,,,,,,  
,,,,,,  
,,,,,,  
,,,,,,  
,,,,,,  
,,,,,,  
,,,,,,  
,,,,,,  
,,,,,,  
,,,,,,  
,,,,,,  
,,,,,,  
,,,,,,  
,,,,,,  
,,,,,,  
,,,,,,  
,,,,,,  
,,,,,,  
,,,,,,  
,,,,,,  
,,,,,,  
,,,,,,  
,,,,,,  
,,,,,,  
,,,,,,  
,,,,,,  
,,,,,,  
,,,,,,  
,,,,,,  
,,,,,,  
,,,,,,  
,,,,,,  
,,,,,,  
,,,,,,  
,,,,,,  
,,,,,,  
,,,,,,  
,,,,,,  
,,,,,,  
,,,,,,  
,,,,,,  
,,,,,,  
,,,,,,  
,,,,,,  
,,,,,,  
,,,,,,  
,,,,,,  
,,,,,,  
,,,,,,  
,,,,,,  
,,,,,,  
,,,,,,  
,,,,,,  
,,,,,,  
,,,,,,  
,,,,,,  
,,,,,,  
,,,,,,  
,,,,,,  
,,,,,,  
,,,,,,  
,,,,,,  
,,,,,,  
,,,,,,  
,,,,,,  
,,,,,,  
,,,,,,  
,,,,,,  
,,,,,,  
,,,,,,  
,,,,,,  
,,,,,,  
,,,,,,  
,,,,,,  
,,,,,,  
,,,,,,  
,,,,,,  
,,,,,,  
,,,,,,  
,,,,,,  
,,,,,,  
,,,,,,  
,,,,,,  
,,,,,,  
,,,,,,  
,,,,,,  
,,,,,,  
,,,,,,  
,,,,,,  
,,,,,,  
,,,,,,  
,,,,,,  
,,,,,,  
,,,,,,  
,,,,,,  
,,,,,,  
,,,,,,  
,,,,,,  
,,,,,,  
,,,,,,  
,,,,,,  
,,,,,,  
,,,,,,  
,,,,,,  
,,,,,,  
,,,,,,  
,,,,,,  
,,,,,,  
,,,,,,  
,,,,,,  
,,,,,,  
,,,,,,  
,,,,,,  
,,,,,,  
,,,,,,  
,,,,,,  
,,,,,,  
,,,,,,  
,,,,,,  
,,,,,,  
,,,,,,  
,,,,,,  
,,,,,,  
,,,,,,  
,,,,,,  
,,,,,,  
,,,,,,  
,,,,,,  
,,,,,,  
,,,,,,  
,,,,,,  
,,,,,,  
,,,,,,  
,,,,,,  
,,,,,,  
,,,,,,  
,,,,,,  
,,,,,,  
,,,,,,  
,,,,,,  
,,,,,,  
,,,,,,  
,,,,,,  
,,,,,,  
,,,,,,  
,,,,,,  
,,,,,,  
,,,,,,  
,,,,,,  
,,,,,,  
,,,,,,  
,,,,,,  
,,,,,,  
,,,,,,  
,,,,,,  
,,,,,,  
,,,,,,  
,,,,,,  
,,,,,,  
,,,,,,  
,,,,,,  
,,,,,,  
,,,,,,  
,,,,,,  
,,,,,,  
,,,,,,  
,,,,,,  
,,,,,,  
,,,,,,  
,,,,,,  
,,,,,,  
,,,,,,  
,,,,,,  
,,,,,,  
,,,,,,  
,,,,,,  
,,,,,,  
,,,,,,  
,,,,,,  
,,,,,,  
,,,,,,  
,,,,,,  
,,,,,,  
,,,,,,  
,,,,,,  
,,,,,,  
,,,,,,  
,,,,,,  
,,,,,,  
,,,,,,  
,,,,,,  
,,,,,,  
,,,,,,  
,,,,,,  
,,,,,,  
,,,,,,  
,,,,,,  
,,,,,,  
,,,,,,  
,,,,,,  
,,,,,,  
,,,,,,  
,,,,,,  
,,,,,,  
,,,,,,  
,,,,,,  
,,,,,,  
,,,,,,  
,,,,,,  
,,,,,,  
,,,,,,  
,,,,,,  
,,,,,,  
,,,,,,  
,,,,,,  
,,,,,,  
,,,,,,  
,,,,,,  
,,,,,,  
,,,,,,  
,,,,,,  
,,,,,,  
,,,,,,  
,,,,,,  
,,,,,,  
,,,,,,  
,,,,,,  
,,,,,,  
,,,,,,  
,,,,,,  
,,,,,,  
,,,,,,  
,,,,,,  
,,,,,,  
,,,,,,  
,,,,,,  
,,,,,,  
,,,,,,  
,,,,,,  
,,,,,,  
,,,,,,  
,,,,,,  
,,,,,,  
,,,,,,  
,,,,,,  
,,,,,,  
,,,,,,  
,,,,,,  
,,,,,,  
,,,,,,  
,,,,,,  
,,,,,,  
,,,,,,  
,,,,,,  
,,,,,,  
,,,,,,  
,,,,,,  
,,,,,,  
,,,,,,  
,,,,,,  
,,,,,,  
,,,,,,  
,,,,,,  
,,,,,,  
,,,,,,  
,,,,,,  
,,,,,,  
,,,,,,  
,,,,,,  
,,,,,,  
,,,,,,  
,,,,,,  
,,,,,,  
,,,,,,  
,,,,,,  
,,,,,,  
,,,,,,  
,,,,,,  
,,,,,,  
,,,,,,  
,,,,,,  
,,,,,,  
,,,,,,  
,,,,,,  
,,,,,,  
,,,,,,  
,,,,,,  
,,,,,,  
,,,,,,  
,,,,,,  
,,,,,,  
,,,,,,  
,,,,,,  
,,,,,,  
,,,,,,  
,,,,,,  
,,,,,,  
,,,,,,  
,,,,,,  
,,,,,,  
,,,,,,  
,,,,,,  
,,,,,,  
,,,,,,  
,,,,,,  
,,,,,,  